1	Угу	Угу	INTJ	_	_	_	_	_	@gt1987m-Words#@gt1987m#16.836#17.143	
2	Слушай	Слушать	VERB	_	Aspect=Imp|Mood=Imp|Number=Sing|Person=2|VerbForm=Fin|Voice=Act	_	_	_	@gt1987m-Words#@gt1987m#55.461#55.73	
3	ну	ну	INTJ	_	_	_	_	_	@gt1987m-Words#@gt1987m#55.73#55.999	
4	с	с	ADP	_	_	_	_	_	@gt1987m-Words#@gt1987m#56.048#56.317	
5	другой	другой	ADJ	_	Case=Gen|Degree=Pos|Gender=Fem|Number=Sing	_	_	_	@gt1987m-Words#@gt1987m#56.317#56.586	
6	стороны	сторона	NOUN	_	Animacy=Inan|Case=Gen|Gender=Fem|Number=Sing	_	_	_	@gt1987m-Words#@gt1987m#56.586#56.855	
7	хм	хм	INTJ	_	_	_	_	_	@gt1987m-Words#@gt1987m#56.989#57.412	
8	знаешь	знать	VERB	_	Aspect=Imp|Mood=Ind|Number=Sing|Person=2|Tense=Pres|VerbForm=Fin|Voice=Act	_	_	_	@gt1987m-Words#@gt1987m#58.028#58.444	
9	есть-есть	есть-есть	VERB	_	Aspect=Imp|Mood=Ind|Number=Sing|Person=3|Tense=Pres|VerbForm=Fin|Voice=Act	_	_	_	@gt1987m-Words#@gt1987m#58.444#58.86	
10	такая	такой	PRON	_	Case=Nom|Gender=Fem|Number=Sing	_	_	_	@gt1987m-Words#@gt1987m#58.86#59.276	
11	парадоксальная	парадоксальный	ADJ	_	Case=Nom|Degree=Pos|Gender=Fem|Number=Sing	_	_	_	@gt1987m-Words#@gt1987m#59.276#59.692	
12	штука	штука	NOUN	_	Animacy=Inan|Case=Nom|Gender=Fem|Number=Sing	_	_	_	@gt1987m-Words#@gt1987m#59.692#60.108	
13	да	да	CCONJ	_	_	_	_	_	@gt1987m-Words#@gt1987m#60.108#60.528	
14	что	что	SCONJ	_	_	_	_	_	@gt1987m-Words#@gt1987m#60.59#61.196	
15	там	там	ADV	_	Degree=Pos	_	_	_	@gt1987m-Words#@gt1987m#62.494#62.678	
16	даже	даже	PART	_	_	_	_	_	@gt1987m-Words#@gt1987m#62.678#62.862	
17	в	в	ADP	_	_	_	_	_	@gt1987m-Words#@gt1987m#62.862#63.046	
18	случае	случай	NOUN	_	Animacy=Inan|Case=Loc|Gender=Masc|Number=Sing	_	_	_	@gt1987m-Words#@gt1987m#63.046#63.23	
19	с	с	ADP	_	_	_	_	_	@gt1987m-Words#@gt1987m#63.23#63.414	
20	тем	тот	PRON	_	Case=Ins|Gender=Masc|Number=Sing	_	_	_	@gt1987m-Words#@gt1987m#63.414#63.598	
21	же	же	PART	_	_	_	_	_	@gt1987m-Words#@gt1987m#63.598#63.782	
22	Донбассом	Донбасс	NOUN	_	Animacy=Anim|Case=Ins|Gender=Masc|Number=Sing	_	_	_	@gt1987m-Words#@gt1987m#63.782#63.971	
23	есть	есть	VERB	_	Aspect=Imp|Mood=Ind|Number=Sing|Person=3|Tense=Pres|VerbForm=Fin|Voice=Act	_	_	_	@gt1987m-Words#@gt1987m#64.659#65.062	
24	определенное	определенный	ADJ	_	Case=Gen|Degree=Pos|Gender=Neut|Number=Sing	_	_	_	@gt1987m-Words#@gt1987m#65.062#65.465	
25	количество	количество	NOUN	_	Animacy=Inan|Case=Acc|Gender=Neut|Number=Sing	_	_	_	@gt1987m-Words#@gt1987m#65.465#65.87	
26	ну	ну	PART	_	_	_	_	_	@gt1987m-Words#@gt1987m#66.942#67.236	
27	назовем	назвать	INTJ	_	Aspect=Imp|Mood=Ind|Number=Plur|Person=1|Tense=Pres|VerbForm=Fin|Voice=Act	_	_	_	@gt1987m-Words#@gt1987m#67.236#67.53	
28	их	они	PRON	_	Case=Gen|Number=Plur|Person=3	_	_	_	@gt1987m-Words#@gt1987m#67.53#67.824	
29	безумцы	безумец	NOUN	_	Animacy=Inan|Case=Acc|Gender=Masc|Number=Plur	_	_	_	@gt1987m-Words#@gt1987m#67.824#68.118	
30	да	да	INTJ	_	_	_	_	_	@gt1987m-Words#@gt1987m#68.118#68.413	
31	Мне	я	PRON	_	Case=Dat|Number=Sing|Person=1	_	_	_	@gt1987m-Words#@gt1987m#68.49#68.744	
32	кажется	казаться	VERB	_	Aspect=Imp|Mood=Ind|Number=Sing|Person=3|Tense=Pres|VerbForm=Fin|Voice=Mid	_	_	_	@gt1987m-Words#@gt1987m#68.744#68.998	
33	там	там	ADV	_	Degree=Pos	_	_	_	@gt1987m-Words#@gt1987m#68.998#69.252	
34	безумцы	безумец	NOUN	_	Animacy=Anim|Case=Nom|Gender=Masc|Number=Plur	_	_	_	@gt1987m-Words#@gt1987m#69.252#69.506	
35	они	они	PRON	_	Case=Nom|Number=Plur|Person=3	_	_	_	@gt1987m-Words#@gt1987m#69.506#69.76	
36	делают	делать	VERB	_	Aspect=Imp|Mood=Ind|Number=Plur|Person=3|Tense=Pres|VerbForm=Fin|Voice=Act	_	_	_	@gt1987m-Words#@gt1987m#69.76#70.014	
37	мир	мир	NOUN	_	Animacy=Inan|Case=Acc|Gender=Masc|Number=Sing	_	_	_	@gt1987m-Words#@gt1987m#70.014#70.268	
38	вообще	вообще	ADV	_	Degree=Pos	_	_	_	@gt1987m-Words#@gt1987m#70.268#70.522	
39	в	в	ADP	_	_	_	_	_	@gt1987m-Words#@gt1987m#70.522#70.776	
40	принципе	принцип	NOUN	_	Animacy=Inan|Case=Loc|Gender=Masc|Number=Sing	_	_	_	@gt1987m-Words#@gt1987m#70.776#71.03	
41	светлее	светлый	ADV	_	Degree=Cmp	_	_	_	@gt1987m-Words#@gt1987m#71.03#71.288	
42	которые	который	PRON	_	Case=Acc	_	_	_	@gt1987m-Words#@gt1987m#71.316#71.684	
43	просто	просто	PART	_	_	_	_	_	@gt1987m-Words#@gt1987m#71.684#72.052	
44	там	там	ADV	_	Degree=Pos	_	_	_	@gt1987m-Words#@gt1987m#72.052#72.42	
45	не	не	PART	_	_	_	_	_	@gt1987m-Words#@gt1987m#72.42#72.788	
46	знаю	знать	VERB	_	Aspect=Imp|Mood=Ind|Number=Sing|Person=1|Tense=Pres|VerbForm=Fin|Voice=Act	_	_	_	@gt1987m-Words#@gt1987m#72.788#73.156	
47	услышали	слышать	VERB	_	Aspect=Perf|Mood=Ind|Number=Plur|Tense=Past|VerbForm=Fin|Voice=Act	_	_	_	@gt1987m-Words#@gt1987m#73.156#73.524	
48	призыв	призыв	NOUN	_	Animacy=Inan|Case=Acc|Gender=Masc|Number=Sing	_	_	_	@gt1987m-Words#@gt1987m#73.524#73.892	
49	и	и	CCONJ	_	_	_	_	_	@gt1987m-Words#@gt1987m#73.892#74.26	
50	по	по	ADP	_	_	_	_	_	@gt1987m-Words#@gt1987m#74.26#74.628	
51	призыву	призыв	NOUN	_	Animacy=Inan|Case=Dat|Gender=Masc|Number=Sing	_	_	_	@gt1987m-Words#@gt1987m#74.628#74.996	
52	отправились	отправиться	VERB	_	Aspect=Perf|Mood=Ind|Number=Plur|Tense=Past|VerbForm=Fin|Voice=Mid	_	_	_	@gt1987m-Words#@gt1987m#74.996#75.374	
53	Есть	есть	VERB	_	Aspect=Imp|Mood=Ind|Number=Plur|Person=3|Tense=Pres|VerbForm=Fin|Voice=Act	_	_	_	@gt1987m-Words#@gt1987m#76.891#77.299	
54	люди	человек	NOUN	_	Animacy=Anim|Case=Nom|Gender=Masc|Number=Plur	_	_	_	@gt1987m-Words#@gt1987m#77.299#77.707	
55	которые	который	PRON	_	Case=Nom	_	_	_	@gt1987m-Words#@gt1987m#77.707#78.115	
56	отправились	отправиться	VERB	_	Aspect=Perf|Mood=Ind|Number=Plur|Tense=Past|VerbForm=Fin|Voice=Mid	_	_	_	@gt1987m-Words#@gt1987m#78.615#79.156	
57	туда	туда	ADV	_	Degree=Pos	_	_	_	@gt1987m-Words#@gt1987m#79.156#79.698	
58	и	и	CCONJ	_	_	_	_	_	@gt1987m-Words#@gt1987m#80.476#80.809	
59	они	они	PRON	_	Case=Nom|Number=Plur|Person=3	_	_	_	@gt1987m-Words#@gt1987m#80.809#81.142	
60	медийные	медийный	ADJ	_	Case=Nom|Degree=Pos|Number=Plur	_	_	_	@gt1987m-Words#@gt1987m#81.142#81.476	
61	и	и	CCONJ	_	_	_	_	_	@gt1987m-Words#@gt1987m#82.009#82.352	
62	они	они	PRON	_	Case=Nom|Number=Plur|Person=3	_	_	_	@gt1987m-Words#@gt1987m#82.352#82.695	
63	виднее	видный	ADJ	_	Degree=Cmp	_	_	_	@gt1987m-Words#@gt1987m#82.695#83.038	
64	всех	все	PRON	_	Animacy=Anim|Case=Gen|Number=Plur	_	_	_	@gt1987m-Words#@gt1987m#83.038#83.384	
65	и	и	CCONJ	_	_	_	_	_	@gt1987m-Words#@gt1987m#83.422#83.671	
66	они	они	PRON	_	Case=Nom|Number=Plur|Person=3	_	_	_	@gt1987m-Words#@gt1987m#83.671#83.92	
67	в	в	ADP	_	_	_	_	_	@gt1987m-Words#@gt1987m#83.92#84.169	
68	общем	общий	ADJ	_	Case=Loc|Degree=Pos|Gender=Neut|Number=Sing	_	_	_	@gt1987m-Words#@gt1987m#84.169#84.418	
69	отчасти	отчасти	ADV	_	Degree=Pos	_	_	_	@gt1987m-Words#@gt1987m#84.418#84.667	
70	там	там	ADV	_	Degree=Pos	_	_	_	@gt1987m-Words#@gt1987m#84.667#84.916	
71	архитекторы	архитектор	NOUN	_	Animacy=Inan|Case=Nom|Gender=Masc|Number=Plur	_	_	_	@gt1987m-Words#@gt1987m#84.916#85.165	
72	того	то	PRON	_	Animacy=Inan|Case=Gen|Gender=Neut|Number=Sing	_	_	_	@gt1987m-Words#@gt1987m#85.165#85.414	
73	что	что	SCONJ	_	_	_	_	_	@gt1987m-Words#@gt1987m#85.414#85.663	
74	это	это	PRON	_	Animacy=Inan|Case=Nom|Gender=Neut|Number=Sing	_	_	_	@gt1987m-Words#@gt1987m#85.663#85.912	
75	произошло	произойти	VERB	_	Aspect=Perf|Gender=Neut|Mood=Ind|Number=Sing|Tense=Past|VerbForm=Fin|Voice=Act	_	_	_	@gt1987m-Words#@gt1987m#85.912#86.163	
76	но	но	CCONJ	_	_	_	_	_	@gt1987m-Words#@gt1987m#86.182#86.503	
77	они	они	PRON	_	Case=Nom|Number=Plur|Person=3	_	_	_	@gt1987m-Words#@gt1987m#86.503#86.824	
78	п-поехали	п-поехать	VERB	_	Aspect=Imp|Mood=Ind|Number=Plur|Tense=Past|VerbForm=Fin|Voice=Act	_	_	_	@gt1987m-Words#@gt1987m#86.824#87.145	
79	туда	туда	ADV	_	Degree=Pos	_	_	_	@gt1987m-Words#@gt1987m#87.145#87.466	
80	просто	просто	PART	_	_	_	_	_	@gt1987m-Words#@gt1987m#87.466#87.787	
81	с-там	 там	ADV	_	Degree=Pos	_	_	_	@gt1987m-Words#@gt1987m#87.787#88.108	
82	с	с	ADP	_	_	_	_	_	@gt1987m-Words#@gt1987m#88.108#88.429	
83	мешком	мешок	NOUN	_	Animacy=Inan|Case=Ins|Gender=Masc|Number=Sing	_	_	_	@gt1987m-Words#@gt1987m#88.429#88.75	
84	кэша	кэша	NOUN	_	Animacy=Inan|Case=Gen|Gender=Masc|Number=Sing	_	_	_	@gt1987m-Words#@gt1987m#88.75#89.075	
85	и-и	и	CCONJ	_	_	_	_	_	@gt1987m-Words#@gt1987m#89.402#89.983	
86	автоматом	автомат	NOUN	_	Animacy=Inan|Case=Ins|Gender=Masc|Number=Sing	_	_	_	@gt1987m-Words#@gt1987m#89.983#90.565	
87	и	и	CCONJ	_	_	_	_	_	@gt1987m-Words#@gt1987m#90.796#91.061	
88	как	как	ADV	_	Degree=Pos	_	_	_	@gt1987m-Words#@gt1987m#91.061#91.326	
89	бы	бы	PART	_	_	_	_	_	@gt1987m-Words#@gt1987m#91.326#91.591	
90	вернулись	вернуться	VERB	_	Aspect=Perf|Mood=Ind|Number=Plur|Tense=Past|VerbForm=Fin|Voice=Mid	_	_	_	@gt1987m-Words#@gt1987m#91.591#91.856	
91	с	с	ADP	_	_	_	_	_	@gt1987m-Words#@gt1987m#91.856#92.121	
92	еще	еще	ADV	_	Degree=Pos	_	_	_	@gt1987m-Words#@gt1987m#92.121#92.386	
93	большим	больший	ADJ	_	Case=Ins|Degree=Pos|Gender=Neut|Number=Sing	_	_	_	@gt1987m-Words#@gt1987m#92.386#92.651	
94	мешком	мешок	NOUN	_	Animacy=Inan|Case=Ins|Gender=Neut|Number=Sing	_	_	_	@gt1987m-Words#@gt1987m#92.651#92.916	
95	кэша	кэша	NOUN	_	Animacy=Inan|Case=Gen|Gender=Masc|Number=Sing	_	_	_	@gt1987m-Words#@gt1987m#92.916#93.181	
96	И	и	CCONJ	_	_	_	_	_	@gt1987m-Words#@gt1987m#93.791#94.053	
97	которые	который	PRON	_	Case=Acc	_	_	_	@gt1987m-Words#@gt1987m#94.053#94.315	
98	стали	стать	VERB	_	Aspect=Perf|Mood=Ind|Number=Plur|Tense=Past|VerbForm=Fin|Voice=Act	_	_	_	@gt1987m-Words#@gt1987m#94.315#94.577	
99	в	в	ADP	_	_	_	_	_	@gt1987m-Words#@gt1987m#94.577#94.839	
100	принципе	принцип	NOUN	_	Animacy=Inan|Case=Loc|Gender=Masc|Number=Sing	_	_	_	@gt1987m-Words#@gt1987m#94.839#95.101	
101	бенефициарами	бенефициар	NOUN	_	Animacy=Inan|Case=Ins|Gender=Masc|Number=Plur	_	_	_	@gt1987m-Words#@gt1987m#95.101#95.363	
102	да	да	INTJ	_	_	_	_	_	@gt1987m-Words#@gt1987m#95.363#95.625	
103	В	в	ADP	_	_	_	_	_	@gt1987m-Words#@gt1987m#95.625#95.887	
104	отличие	отличие	NOUN	_	Animacy=Inan|Case=Acc|Gender=Neut|Number=Sing	_	_	_	@gt1987m-Words#@gt1987m#95.887#96.149	
105	от	от	ADP	_	_	_	_	_	@gt1987m-Words#@gt1987m#96.149#96.411	
106	тех	тот	PRON	_	Case=Gen|Number=Plur	_	_	_	@gt1987m-Words#@gt1987m#96.411#96.673	
107	кто	кто	PRON	_	Case=Nom	_	_	_	@gt1987m-Words#@gt1987m#96.673#96.935	
108	туда	туда	ADV	_	Degree=Pos	_	_	_	@gt1987m-Words#@gt1987m#96.935#97.197	
109	поехал	поехать	VERB	_	Aspect=Perf|Gender=Masc|Mood=Ind|Number=Sing|Tense=Past|VerbForm=Fin|Voice=Act	_	_	_	@gt1987m-Words#@gt1987m#97.197#97.459	
110	будучи	быть	AUX	_	Aspect=Imp|Tense=Pres|VerbForm=Conv|Voice=Act	_	_	_	@gt1987m-Words#@gt1987m#97.459#97.721	
111	безумцем	безумец	NOUN	_	Animacy=Anim|Case=Ins|Gender=Masc|Number=Sing	_	_	_	@gt1987m-Words#@gt1987m#97.721#97.983	
112	Вот	вот	PART	_	_	_	_	_	@gt1987m-Words#@gt1987m#98.499#98.799	
113	тебе	ты	PRON	_	Case=Dat|Number=Sing|Person=2	_	_	_	@gt1987m-Words#@gt1987m#98.799#99.099	
114	в	в	ADP	_	_	_	_	_	@gt1987m-Words#@gt1987m#99.099#99.399	
115	этом	этот	PRON	_	Case=Loc|Gender=Masc|Number=Sing	_	_	_	@gt1987m-Words#@gt1987m#99.399#99.699	
116	смысле	смысл	NOUN	_	Animacy=Inan|Case=Loc|Gender=Masc|Number=Sing	_	_	_	@gt1987m-Words#@gt1987m#99.699#99.999	
117	кто	кто	PRON	_	Case=Nom	_	_	_	@gt1987m-Words#@gt1987m#99.999#100.299	
118	симпатичнее	симпатичный	ADJ	_	Degree=Cmp	_	_	_	@gt1987m-Words#@gt1987m#100.299#100.603	
119	И-и	и-и	CCONJ	_	_	_	_	_	@gt1987m-Words#@gt1987m#103.865#104.337	
120	ты	ты	PRON	_	Case=Nom|Number=Sing|Person=2	_	_	_	@gt1987m-Words#@gt1987m#104.337#104.809	
121	разделяешь	разделять	VERB	_	Aspect=Imp|Mood=Ind|Number=Sing|Person=2|Tense=Pres|VerbForm=Fin|Voice=Act	_	_	_	@gt1987m-Words#@gt1987m#104.809#105.281	
122	Нет	нет	ADV	_	_	_	_	_	@gt1987m-Words#@gt1987m#106.009#106.271	
123	я	я	PRON	_	Case=Nom|Number=Sing|Person=1	_	_	_	@gt1987m-Words#@gt1987m#106.271#106.533	
124	понимаю	понимать	VERB	_	Aspect=Imp|Mood=Ind|Number=Sing|Person=1|Tense=Pres|VerbForm=Fin|Voice=Act	_	_	_	@gt1987m-Words#@gt1987m#106.533#106.795	
125	простой	простой	ADJ	_	Animacy=Inan|Case=Acc|Degree=Pos|Gender=Masc|Number=Sing	_	_	_	@gt1987m-Words#@gt1987m#106.795#107.057	
126	человек-то	человек-то	NOUN	_	Animacy=Anim|Case=Nom|Gender=Masc|Number=Sing	_	_	_	@gt1987m-Words#@gt1987m#107.057#107.319	
127	-	-	PUNCT	_	_	_	_	_	@gt1987m-Words#@gt1987m#107.319#107.581	
128	это	это	PRON	_	_	_	_	_	@gt1987m-Words#@gt1987m#107.581#107.843	
129	мо-мой	мо-мой	PRON	_	Case=Nom|Degree=Pos|Gender=Masc|Number=Sing|Person=1	_	_	_	@gt1987m-Words#@gt1987m#107.843#108.105	
130	друг	друг	NOUN	_	Animacy=Anim|Case=Nom|Gender=Masc|Number=Sing	_	_	_	@gt1987m-Words#@gt1987m#108.105#108.37	
131	и	и	CCONJ	_	_	_	_	_	@gt1987m-Words#@gt1987m#108.567#108.76	
132	так	так	ADV	_	Degree=Pos	_	_	_	@gt1987m-Words#@gt1987m#108.76#108.953	
133	далее	далее	ADV	_	Degree=Pos	_	_	_	@gt1987m-Words#@gt1987m#108.953#109.148	
134	но	но	CCONJ	_	_	_	_	_	@gt1987m-Words#@gt1987m#109.567#109.738	
135	тем	то	PRON	_	Animacy=Inan|Case=Ins|Gender=Neut|Number=Sing	_	_	_	@gt1987m-Words#@gt1987m#109.738#109.909	
136	не	не	PART	_	Polarity=Neg	_	_	_	@gt1987m-Words#@gt1987m#109.909#110.08	
137	менее	менее	ADV	_	Degree=Cmp	_	_	_	@gt1987m-Words#@gt1987m#110.08#110.251	
138	Просто	просто	PART	_	_	_	_	_	@gt1987m-Words#@gt1987m#110.803#111.255	
139	я	я	PRON	_	Case=Nom|Number=Sing|Person=1	_	_	_	@gt1987m-Words#@gt1987m#111.317#111.503	
140	имею	иметь	VERB	_	Aspect=Imp|Mood=Ind|Number=Sing|Person=1|Tense=Pres|VerbForm=Fin|Voice=Act	_	_	_	@gt1987m-Words#@gt1987m#111.503#111.689	
141	в	в	ADP	_	_	_	_	_	@gt1987m-Words#@gt1987m#111.689#111.875	
142	виду	вид	NOUN	_	Animacy=Inan|Case=Loc|Gender=Masc|Number=Sing	_	_	_	@gt1987m-Words#@gt1987m#111.875#112.061	
143	т-	т-	INTJ	_	_	_	_	_	@gt1987m-Words#@gt1987m#112.061#112.247	
144	у	у	ADP	_	_	_	_	_	@gt1987m-Words#@gt1987m#112.247#112.433	
145	тебя	ты	PRON	_	Case=Gen|Number=Sing|Person=2	_	_	_	@gt1987m-Words#@gt1987m#112.433#112.619	
146	есть	быть	VERB	_	Aspect=Imp|Mood=Ind|Number=Sing|Person=3|Tense=Pres|VerbForm=Fin|Voice=Act	_	_	_	@gt1987m-Words#@gt1987m#112.619#112.805	
147	какое-то	какой-то	PRON	_	Case=Nom|Gender=Neut|Number=Sing	_	_	_	@gt1987m-Words#@gt1987m#112.805#112.991	
148	такое	такой	PRON	_	Case=Nom|Gender=Neut|Number=Sing	_	_	_	@gt1987m-Words#@gt1987m#112.991#113.177	
149	разделение	разделение	NOUN	_	Animacy=Inan|Case=Nom|Gender=Neut|Number=Sing	_	_	_	@gt1987m-Words#@gt1987m#113.177#113.37	
150	У	у	ADP	_	_	_	_	_	@gt1987m-Words#@gt1987m#113.65#113.861	
151	теб	ты	PRON	_	Case=Gen|Number=Sing|Person=2	_	_	_	@gt1987m-Words#@gt1987m#113.861#114.073	
152	На	на	ADP	_	_	_	_	_	@gt1987m-Words#@gt1987m#115.076#115.514	
153	полутонах	полутон	NOUN	_	Animacy=Inan|Case=Loc|Gender=Masc|Number=Plur	_	_	_	@gt1987m-Words#@gt1987m#115.514#115.953	
154	Нет-нет-нет	Нет-нет	ADV	_	_	_	_	_	@gt1987m-Words#@gt1987m#127.115#127.499	
155	нет	нет	ADV	_	_	_	_	_	@gt1987m-Words#@gt1987m#127.499#127.884	
156	ну	ну	INTJ	_	_	_	_	_	@gt1987m-Words#@gt1987m#127.913#128.138	
157	их	они	PRON	_	Case=Acc|Number=Plur|Person=3	_	_	_	@gt1987m-Words#@gt1987m#128.138#128.363	
158	же	же	PART	_	_	_	_	_	@gt1987m-Words#@gt1987m#128.363#128.588	
159	все	все	PRON	_	Animacy=Inan|Case=Nom|Gender=Neut|Number=Sing	_	_	_	@gt1987m-Words#@gt1987m#128.588#128.813	
160	равно	равный	ADJ	_	Degree=Pos|Gender=Neut|Number=Sing|Variant=Short	_	_	_	@gt1987m-Words#@gt1987m#128.813#129.038	
161	ты	ты	PRON	_	Case=Nom|Number=Sing|Person=2	_	_	_	@gt1987m-Words#@gt1987m#129.038#129.263	
162	как-то	как-то	ADV	_	Degree=Pos	_	_	_	@gt1987m-Words#@gt1987m#129.263#129.488	
163	в	в	ADP	_	_	_	_	_	@gt1987m-Words#@gt1987m#129.488#129.713	
164	итоге-то	итог	NOUN	_	Animacy=Inan|Case=Gen|Gender=Masc|Number=Sing	_	_	_	@gt1987m-Words#@gt1987m#129.713#129.938	
165	вычленяешь	вычленять	VERB	_	Aspect=Imp|Mood=Ind|Number=Sing|Person=2|Tense=Pres|VerbForm=Fin|Voice=Act	_	_	_	@gt1987m-Words#@gt1987m#129.938#130.163	
166	что	что	PRON	_	Case=Nom	_	_	_	@gt1987m-Words#@gt1987m#130.163#130.388	
167	называется	называться	VERB	_	Aspect=Imp|Mood=Ind|Number=Sing|Person=3|Tense=Pres|VerbForm=Fin|Voice=Mid	_	_	_	@gt1987m-Words#@gt1987m#130.388#130.624	
168	просто	просто	PART	_	_	_	_	_	@gt1987m-Words#@gt1987m#130.692#130.885	
169	ты	ты	PRON	_	Case=Nom|Number=Sing|Person=2	_	_	_	@gt1987m-Words#@gt1987m#130.885#131.078	
170	же	же	PART	_	_	_	_	_	@gt1987m-Words#@gt1987m#131.078#131.271	
171	видишь	видеть	PART	_	_	_	_	_	@gt1987m-Words#@gt1987m#131.271#131.464	
172	сам	сам	ADJ	_	Case=Nom|Degree=Pos|Gender=Masc|Number=Sing	_	_	_	@gt1987m-Words#@gt1987m#131.464#131.659	
173	Естественно	Естественно	ADV	_	Degree=Pos	_	_	_	@gt1987m-Words#@gt1987m#168.594#169.277	
174	Ну	ну	INTJ	_	_	_	_	_	@gt1987m-Words#@gt1987m#195.522#195.882	
175	да	да	INTJ	_	_	_	_	_	@gt1987m-Words#@gt1987m#195.882#196.243	
176	[нрзб]	[нрзб]	PUNCT	_	_	_	_	_	@gt1987m-Words#@gt1987m#210.509#211.038	
177	Угу-угу-угу	Угу-угу-угу	INTJ	_	_	_	_	_	@gt1987m-Words#@gt1987m#223.365#223.817	
178	Ну	ну	INTJ	_	_	_	_	_	@gt1987m-Words#@gt1987m#266.748#266.945	
179	вот	вот	PART	_	_	_	_	_	@gt1987m-Words#@gt1987m#266.945#267.142	
180	Угу	угу	INTJ	_	_	_	_	_	@gt1987m-Words#@gt1987m#284.778#285.228	
181	Ну	ну	INTJ	_	_	_	_	_	@dnk1993m-Words#@dnk1993m#0.403#0.644	
182	вот	вот	PART	_	_	_	_	_	@dnk1993m-Words#@dnk1993m#0.644#0.885	
183	в	в	ADP	_	_	_	_	_	@dnk1993m-Words#@dnk1993m#0.885#1.126	
184	чем	что	PRON	_	Case=Loc	_	_	_	@dnk1993m-Words#@dnk1993m#1.126#1.367	
185	как	как	ADV	_	Degree=Pos	_	_	_	@dnk1993m-Words#@dnk1993m#1.367#1.608	
186	бы	бы	PART	_	_	_	_	_	@dnk1993m-Words#@dnk1993m#1.608#1.849	
187	типа	типа	PART	_	_	_	_	_	@dnk1993m-Words#@dnk1993m#1.849#2.096	
188	весь-весь	весь-весь	PRON	_	Case=Nom|Gender=Masc|Number=Sing	_	_	_	@dnk1993m-Words#@dnk1993m#2.451#2.787	
189	вот	вот	PART	_	_	_	_	_	@dnk1993m-Words#@dnk1993m#2.787#3.123	
190	этот-то	этот-то	PRON	_	Case=Nom|Degree=Pos|Gender=Masc|Number=Sing	_	_	_	@dnk1993m-Words#@dnk1993m#3.123#3.459	
191	цимес	цимес	NOUN	_	Animacy=Inan|Case=Nom|Gender=Masc|Number=Sing	_	_	_	@dnk1993m-Words#@dnk1993m#3.459#3.795	
192	заключается	заключаться	VERB	_	Aspect=Imp|Mood=Ind|Number=Sing|Person=3|Tense=Pres|VerbForm=Fin|Voice=Mid	_	_	_	@dnk1993m-Words#@dnk1993m#3.795#4.131	
193	на	на	ADP	_	_	_	_	_	@dnk1993m-Words#@dnk1993m#4.131#4.467	
194	мой	мой	PRON	_	Case=Acc|Gender=Masc|Number=Sing	_	_	_	@dnk1993m-Words#@dnk1993m#4.467#4.803	
195	взгляд	взгляд	NOUN	_	Animacy=Inan|Case=Acc|Gender=Masc|Number=Sing	_	_	_	@dnk1993m-Words#@dnk1993m#4.803#5.144	
196	в	в	ADP	_	_	_	_	_	@dnk1993m-Words#@dnk1993m#5.394#5.693	
197	том	то	PRON	_	Animacy=Inan|Case=Loc|Gender=Neut|Number=Sing	_	_	_	@dnk1993m-Words#@dnk1993m#5.693#5.992	
198	что	что	SCONJ	_	_	_	_	_	@dnk1993m-Words#@dnk1993m#5.992#6.291	
199	вот	вот	PART	_	_	_	_	_	@dnk1993m-Words#@dnk1993m#6.291#6.59	
200	ээ	ээ	INTJ	_	_	_	_	_	@dnk1993m-Words#@dnk1993m#6.59#6.889	
201	скажем	сказать	VERB	_	Aspect=Perf|Mood=Ind|Number=Plur|Person=1|Tense=Fut|VerbForm=Fin|Voice=Act	_	_	_	@dnk1993m-Words#@dnk1993m#6.889#7.188	
202	ли-	ли-	PART	_	_	_	_	_	@dnk1993m-Words#@dnk1993m#7.188#7.487	
203	ну	ну	INTJ	_	_	_	_	_	@dnk1993m-Words#@dnk1993m#7.487#7.786	
204	либеральная	либеральный	ADJ	_	Case=Nom|Degree=Pos|Gender=Fem|Number=Sing	_	_	_	@dnk1993m-Words#@dnk1993m#7.786#8.085	
205	позиция	позиция	NOUN	_	Animacy=Inan|Case=Nom|Gender=Fem|Number=Sing	_	_	_	@dnk1993m-Words#@dnk1993m#8.085#8.384	
206	да	да	INTJ	_	_	_	_	_	@dnk1993m-Words#@dnk1993m#8.384#8.692	
207	Она	она	PRON	_	Case=Nom|Gender=Fem|Number=Sing|Person=3	_	_	_	@dnk1993m-Words#@dnk1993m#8.923#9.653	
208	скорее	скорее	ADV	_	Degree=Pos	_	_	_	@dnk1993m-Words#@dnk1993m#9.706#10.475	
209	всегда	всегда	ADV	_	Degree=Pos	_	_	_	@dnk1993m-Words#@dnk1993m#10.508#11.157	
210	выступает	выступать	VERB	_	Aspect=Imp|Mood=Ind|Number=Sing|Person=3|Tense=Pres|VerbForm=Fin|Voice=Act	_	_	_	@dnk1993m-Words#@dnk1993m#11.157#11.806	
211	просто	просто	PART	_	_	_	_	_	@dnk1993m-Words#@dnk1993m#12.363#12.715	
212	как	как	ADV	_	_	_	_	_	@dnk1993m-Words#@dnk1993m#12.715#13.067	
213	оппозиция	оппозиция	NOUN	_	Animacy=Inan|Case=Nom|Gender=Fem|Number=Sing	_	_	_	@dnk1993m-Words#@dnk1993m#13.067#13.421	
214	не	не	PART	_	_	_	_	_	@dnk1993m-Words#@dnk1993m#13.451#13.848	
215	как	как	ADV	_	_	_	_	_	@dnk1993m-Words#@dnk1993m#13.848#14.245	
216	альтернатива	альтернатива	NOUN	_	Animacy=Inan|Case=Nom|Gender=Fem|Number=Sing	_	_	_	@dnk1993m-Words#@dnk1993m#14.245#14.644	
217	и	и	CCONJ	_	_	_	_	_	@dnk1993m-Words#@dnk1993m#14.673#14.924	
218	она	она	PRON	_	Case=Nom|Gender=Fem|Number=Sing|Person=3	_	_	_	@dnk1993m-Words#@dnk1993m#14.924#15.175	
219	оппонирует	оппонировать	VERB	_	Aspect=Imp|Mood=Ind|Number=Sing|Person=3|Tense=Pres|VerbForm=Fin|Voice=Act	_	_	_	@dnk1993m-Words#@dnk1993m#15.175#15.426	
220	прямо	прямо	ADV	_	Degree=Pos	_	_	_	@dnk1993m-Words#@dnk1993m#15.426#15.677	
221	всему	все	PRON	_	Animacy=Inan|Case=Dat|Gender=Neut|Number=Sing	_	_	_	@dnk1993m-Words#@dnk1993m#15.677#15.928	
222	сразу	сразу	ADV	_	Degree=Pos	_	_	_	@dnk1993m-Words#@dnk1993m#15.928#16.179	
223	то	то	PRON	_	Animacy=Inan|Case=Nom|Gender=Neut|Number=Sing	_	_	_	@dnk1993m-Words#@dnk1993m#16.179#16.43	
224	есть	быть	VERB	_	Aspect=Imp|Mood=Ind|Number=Sing|Person=3|Tense=Pres|VerbForm=Fin|Voice=Act	_	_	_	@dnk1993m-Words#@dnk1993m#16.43#16.682	
225	Вот	вот	PART	_	_	_	_	_	@dnk1993m-Words#@dnk1993m#16.971#17.295	
226	допустим	допустить	VERB	_	Aspect=Perf|Mood=Ind|Number=Plur|Person=1|Tense=Fut|VerbForm=Fin|Voice=Act	_	_	_	@dnk1993m-Words#@dnk1993m#17.295#17.619	
227	Путин	Путин	PROPN	_	Animacy=Anim|Case=Nom|Gender=Masc|Number=Sing	_	_	_	@dnk1993m-Words#@dnk1993m#17.619#17.943	
228	то	то	SCONJ	_	_	_	_	_	@dnk1993m-Words#@dnk1993m#17.943#18.269	
229	значит	значить	VERB	_	Aspect=Imp|Mood=Ind|Number=Sing|Person=3|Tense=Pres|VerbForm=Fin|Voice=Act	_	_	_	@dnk1993m-Words#@dnk1993m#18.307#18.551	
230	мы	мы	PRON	_	Case=Nom|Number=Plur|Person=1	_	_	_	@dnk1993m-Words#@dnk1993m#18.551#18.795	
231	вот	вот	PART	_	_	_	_	_	@dnk1993m-Words#@dnk1993m#18.795#19.039	
232	так	так	ADV	_	Degree=Pos	_	_	_	@dnk1993m-Words#@dnk1993m#19.039#19.283	
233	типа	типa	PART	_	_	_	_	_	@dnk1993m-Words#@dnk1993m#19.283#19.527	
234	вот	вот	PART	_	_	_	_	_	@dnk1993m-Words#@dnk1993m#19.586#19.809	
235	они	они	PRON	_	Case=Nom|Number=Plur|Person=3	_	_	_	@dnk1993m-Words#@dnk1993m#19.809#20.032	
236	так	так	ADV	_	Degree=Pos	_	_	_	@dnk1993m-Words#@dnk1993m#20.032#20.255	
237	себя	себя	PRON	_	Case=Acc	_	_	_	@dnk1993m-Words#@dnk1993m#20.255#20.478	
238	ведут	вести	VERB	_	Aspect=Imp|Mood=Ind|Number=Plur|Person=3|Tense=Pres|VerbForm=Fin|Voice=Act	_	_	_	@dnk1993m-Words#@dnk1993m#20.478#20.701	
239	А-а	А-	CCONJ	_	_	_	_	_	@dnk1993m-Words#@dnk1993m#21.205#21.646	
240	Надо	надо	VUX	_		_	_	_	@dnk1993m-Words#@dnk1993m#21.646#22.087	
241	типа	типа	PART	_	_	_	_	_	@dnk1993m-Words#@dnk1993m#22.087#22.528	
242	по	по	ADP	_	_	_	_	_	@dnk1993m-Words#@dnk1993m#22.528#22.969	
243	конкретным	конкретный	ADJ	_	Case=Dat|Degree=Pos|Number=Plur	_	_	_	@dnk1993m-Words#@dnk1993m#22.969#23.41	
244	вопросам	вопрос	NOUN	_	Animacy=Inan|Case=Dat|Gender=Masc|Number=Plur	_	_	_	@dnk1993m-Words#@dnk1993m#23.41#23.851	
245	оппонировать	оппонировать	VERB	_	Aspect=Perf|VerbForm=Inf|Voice=Act	_	_	_	@dnk1993m-Words#@dnk1993m#23.851#24.298	
246	здесь	здесь	ADV	_	Degree=Pos	_	_	_	@dnk1993m-Words#@dnk1993m#24.332#24.604	
247	мы	мы	PRON	_	Case=Nom|Number=Plur|Person=1	_	_	_	@dnk1993m-Words#@dnk1993m#24.604#24.876	
248	оппонируем	оппонировать	VERB	_	Aspect=Imp|Mood=Ind|Number=Plur|Person=1|Tense=Pres|VerbForm=Fin|Voice=Act	_	_	_	@dnk1993m-Words#@dnk1993m#24.876#25.148	
249	здесь	здесь	ADV	_	Degree=Pos	_	_	_	@dnk1993m-Words#@dnk1993m#25.148#25.42	
250	мы	мы	PRON	_	Case=Nom|Number=Plur|Person=1	_	_	_	@dnk1993m-Words#@dnk1993m#25.42#25.692	
251	не	не	PART	_	_	_	_	_	@dnk1993m-Words#@dnk1993m#25.692#25.964	
252	оппонируем	оппонировать	VERB	_	Aspect=Imp|Mood=Ind|Number=Plur|Person=1|Tense=Pres|VerbForm=Fin|Voice=Act	_	_	_	@dnk1993m-Words#@dnk1993m#25.964#26.236	
253	допустим	допустить	VERB	_	Aspect=Perf|Mood=Ind|Number=Plur|Person=1|Tense=Fut|VerbForm=Fin|Voice=Act	_	_	_	@dnk1993m-Words#@dnk1993m#26.236#26.508	
254	например	например	ADV	_	Degree=Pos	_	_	_	@dnk1993m-Words#@dnk1993m#26.508#26.788	
255	Вот	вот	PART	_	_	_	_	_	@dnk1993m-Words#@dnk1993m#26.913#27.128	
256	как	как	SCONJ	_	_	_	_	_	@dnk1993m-Words#@dnk1993m#27.128#27.343	
257	в	в	ADP	_	_	_	_	_	@dnk1993m-Words#@dnk1993m#27.343#27.558	
258	случае	случай	NOUN	_	Animacy=Inan|Case=Loc|Gender=Masc|Number=Sing	_	_	_	@dnk1993m-Words#@dnk1993m#27.558#27.773	
259	с	с	ADP	_	_	_	_	_	@dnk1993m-Words#@dnk1993m#27.773#27.988	
260	Лимоновым	Лимонов	NOUN	_	Animacy=Anim|Case=Ins|Gender=Masc|Number=Sing	_	_	_	@dnk1993m-Words#@dnk1993m#27.988#28.203	
261	так	так	ADV	_	Degree=Pos	_	_	_	@dnk1993m-Words#@dnk1993m#28.203#28.418	
262	вышло	выйти	VERB	_	Aspect=Perf|Gender=Neut|Mood=Ind|Number=Sing|Tense=Past|VerbForm=Fin|Voice=Act	_	_	_	@dnk1993m-Words#@dnk1993m#28.418#28.634	
263	То	То	PRON	_	Animacy=Inan|Case=Nom|Gender=Neut|Number=Sing	_	_	_	@dnk1993m-Words#@dnk1993m#28.788#28.893	
264	есть	быть	VERB	_	Aspect=Imp|Mood=Ind|Number=Sing|Person=3|Tense=Pres|VerbForm=Fin|Voice=Act	_	_	_	@dnk1993m-Words#@dnk1993m#28.893#28.999	
265	здесь	здесь	ADV	_	Degree=Pos	_	_	_	@dnk1993m-Words#@dnk1993m#29.201#29.396	
266	мы	мы	PRON	_	Case=Nom|Number=Plur|Person=1	_	_	_	@dnk1993m-Words#@dnk1993m#29.396#29.591	
267	с	с	ADP	_	_	_	_	_	@dnk1993m-Words#@dnk1993m#29.591#29.786	
268	вами	вы	PRON	_	Case=Ins|Number=Plur|Person=2	_	_	_	@dnk1993m-Words#@dnk1993m#29.786#29.981	
269	не	не	PART	_	_	_	_	_	@dnk1993m-Words#@dnk1993m#29.981#30.176	
270	согласны	согласный	ADJ	_	Degree=Pos|Number=Plur|Variant=Short	_	_	_	@dnk1993m-Words#@dnk1993m#30.176#30.374	
271	а	а	CCONJ	_	_	_	_	_	@dnk1993m-Words#@dnk1993m#30.455#30.699	
272	здесь	здесь	ADV	_	Degree=Pos	_	_	_	@dnk1993m-Words#@dnk1993m#30.699#30.943	
273	вы	вы	PRON	_	Case=Nom|Number=Plur|Person=2	_	_	_	@dnk1993m-Words#@dnk1993m#30.943#31.187	
274	молодцы	молодец	NOUN	_	Animacy=Anim|Case=Nom|Gender=Masc|Number=Plur	_	_	_	@dnk1993m-Words#@dnk1993m#31.187#31.431	
275	типа	типа	PART	_	_	_	_	_	@dnk1993m-Words#@dnk1993m#31.431#31.676	
276	Понятно	понятно	ADV	_	_	_	_	_	@dnk1993m-Words#@dnk1993m#31.932#32.701	
277	из	из	ADP	_	_	_	_	_	@dnk1993m-Words#@dnk1993m#32.917#33.143	
278	этого	это	PRON	_	Animacy=Inan|Case=Gen|Gender=Neut|Number=Sing	_	_	_	@dnk1993m-Words#@dnk1993m#33.143#33.369	
279	из	из	ADP	_	_	_	_	_	@dnk1993m-Words#@dnk1993m#33.369#33.595	
280	всего	все	PRON	_	Animacy=Inan|Case=Gen|Gender=Neut|Number=Sing	_	_	_	@dnk1993m-Words#@dnk1993m#33.595#33.821	
281	что-о	что-о	SCONJ	_	_	_	_	_	@dnk1993m-Words#@dnk1993m#33.922#34.258	
282	кто	кто	PRON	_	Case=Nom	_	_	_	@dnk1993m-Words#@dnk1993m#34.402#34.849	
283	хочет	хотеть	VERB	_	Aspect=Imp|Mood=Ind|Number=Sing|Person=3|Tense=Pres|VerbForm=Fin|Voice=Act	_	_	_	@dnk1993m-Words#@dnk1993m#34.849#35.296	
284	действительно	действительно	ADV	_	Degree=Pos	_	_	_	@dnk1993m-Words#@dnk1993m#35.296#35.743	
285	решать	решать	VERB	_	Aspect=Imp|VerbForm=Inf|Voice=Act	_	_	_	@dnk1993m-Words#@dnk1993m#35.743#36.19	
286	какие-то	какой-то	PRON	_	Case=Acc|Number=Plur	_	_	_	@dnk1993m-Words#@dnk1993m#36.19#36.637	
287	проблемы	проблема	NOUN	_	Animacy=Inan|Case=Acc|Gender=Fem|Number=Plur	_	_	_	@dnk1993m-Words#@dnk1993m#36.637#37.085	
288	и	и	CCONJ	_	_	_	_	_	@dnk1993m-Words#@dnk1993m#37.113#37.481	
289	кто	кто	PRON	_	Case=Nom	_	_	_	@dnk1993m-Words#@dnk1993m#37.481#37.849	
290	действительно	действительно	ADV	_	Degree=Pos	_	_	_	@dnk1993m-Words#@dnk1993m#37.849#38.217	
291	выступает	выступать	VERB	_	Aspect=Imp|Mood=Ind|Number=Sing|Person=3|Tense=Pres|VerbForm=Fin|Voice=Act	_	_	_	@dnk1993m-Words#@dnk1993m#38.217#38.585	
292	за	за	ADP	_	_	_	_	_	@dnk1993m-Words#@dnk1993m#38.585#38.953	
293	какую-то	какой-то	PRON	_	Case=Acc|Gender=Fem|Number=Sing	_	_	_	@dnk1993m-Words#@dnk1993m#38.953#39.321	
294	идею	идея	NOUN	_	Animacy=Inan|Case=Acc|Gender=Fem|Number=Sing	_	_	_	@dnk1993m-Words#@dnk1993m#39.321#39.692	
295	вот	вот	PART	_	_	_	_	_	@dnk1993m-Words#@dnk1993m#40.23#40.48	
296	а	а	CCONJ	_	_	_	_	_	@dnk1993m-Words#@dnk1993m#40.598#40.869	
297	кто	кто	PRON	_	Case=Nom	_	_	_	@dnk1993m-Words#@dnk1993m#40.869#41.14	
298	просто	просто	PART	_	_	_	_	_	@dnk1993m-Words#@dnk1993m#41.14#41.411	
299	хочет	хотеть	VERB	_	Aspect=Imp|Mood=Ind|Number=Sing|Person=3|Tense=Pres|VerbForm=Fin|Voice=Act	_	_	_	@dnk1993m-Words#@dnk1993m#41.411#41.685	
300	а-а	а-	INTJ	_	_	_	_	_	@dnk1993m-Words#@dnk1993m#42.108#42.639	
301	ценой	цена	NOUN	_	Animacy=Inan|Case=Ins|Gender=Fem|Number=Sing	_	_	_	@dnk1993m-Words#@dnk1993m#42.639#43.17	
302	популистских	популистский	ADJ	_	Case=Gen|Degree=Pos|Number=Plur	_	_	_	@dnk1993m-Words#@dnk1993m#43.17#43.701	
303	таких	такой	PRON	_	Case=Gen|Number=Plur	_	_	_	@dnk1993m-Words#@dnk1993m#43.716#44.134	
304	же	же	PART	_	_	_	_	_	@dnk1993m-Words#@dnk1993m#44.134#44.552	
305	популистских	популистский	ADJ	_	Case=Gen|Degree=Pos|Number=Plur	_	_	_	@dnk1993m-Words#@dnk1993m#44.552#44.97	
306	как	как	SCONJ	_	_	_	_	_	@dnk1993m-Words#@dnk1993m#44.97#45.388	
307	и-и	и-и	CCONJ	_	_	_	_	_	@dnk1993m-Words#@dnk1993m#45.388#45.807	
308	те	тот	PRON	_	Case=Nom|Number=Plur	_	_	_	@dnk1993m-Words#@dnk1993m#45.851#46.165	
309	лозунги	лозунг	NOUN	_	Animacy=Inan|Case=Nom|Gender=Masc|Number=Plur	_	_	_	@dnk1993m-Words#@dnk1993m#46.165#46.479	
310	которым	который	PRON	_	Case=Dat	_	_	_	@dnk1993m-Words#@dnk1993m#46.479#46.793	
311	они	они	PRON	_	Case=Nom|Number=Plur|Person=3	_	_	_	@dnk1993m-Words#@dnk1993m#46.793#47.107	
312	оппонируют	оппонировать	VERB	_	Aspect=Imp|Mood=Ind|Number=Plur|Person=3|Tense=Pres|VerbForm=Fin|Voice=Act	_	_	_	@dnk1993m-Words#@dnk1993m#47.107#47.423	
313	Ценой	цена	PROPN	_	Animacy=Anim|Case=Ins|Gender=Fem|Number=Sing	_	_	_	@dnk1993m-Words#@dnk1993m#47.794#48.198	
314	этого	этот	PRON	_	Case=Gen|Gender=Masc|Number=Sing	_	_	_	@dnk1993m-Words#@dnk1993m#48.198#48.602	
315	популизма	популизм	NOUN	_	Animacy=Inan|Case=Gen|Gender=Masc|Number=Sing	_	_	_	@dnk1993m-Words#@dnk1993m#48.602#49.006	
316	контрпопулизма	контрпопулизм	NOUN	_	Animacy=Inan|Case=Gen|Gender=Masc|Number=Sing	_	_	_	@dnk1993m-Words#@dnk1993m#49.174#49.972	
317	хочет	хотеть	VERB	_	Aspect=Imp|Mood=Ind|Number=Sing|Person=3|Tense=Pres|VerbForm=Fin|Voice=Act	_	_	_	@dnk1993m-Words#@dnk1993m#50.374#51.041	
318	завладеть	владеть	VERB	_	Aspect=Perf|VerbForm=Inf|Voice=Act	_	_	_	@dnk1993m-Words#@dnk1993m#51.041#51.708	
319	короче	короче	ADV	_	_	_	_	_	@dnk1993m-Words#@dnk1993m#51.708#52.376	
320	типа	типа	PART	_	_	_	_	_	@dnk1993m-Words#@dnk1993m#52.682#53.163	
321	ситуацией	ситуация	NOUN	_	Animacy=Inan|Case=Ins|Gender=Fem|Number=Sing	_	_	_	@dnk1993m-Words#@dnk1993m#53.163#53.644	
322	Ну	ну	INTJ	_	_	_	_	_	@dnk1993m-Words#@dnk1993m#53.749#53.934	
323	на	на	ADP	_	_	_	_	_	@dnk1993m-Words#@dnk1993m#53.934#54.119	
324	мой	мой	PRON	_	Case=Acc|Gender=Masc|Number=Sing	_	_	_	@dnk1993m-Words#@dnk1993m#54.119#54.304	
325	взгляд	взгляд	NOUN	_	Animacy=Inan|Case=Acc|Gender=Masc|Number=Sing	_	_	_	@dnk1993m-Words#@dnk1993m#54.304#54.49	
326	это	это	PRON	_	Animacy=Inan|Case=Nom|Gender=Neut|Number=Sing	_	_	_	@dnk1993m-Words#@dnk1993m#54.749#55.071	
327	показательно	показательно	ADV	_	Degree=Pos|Gender=Neut|Number=Sing|Variant=Short	_	_	_	@dnk1993m-Words#@dnk1993m#55.071#55.393	
328	Угу	 угу	INTJ	_	_	_	_	_	@dnk1993m-Words#@dnk1993m#63.996#64.429	
329	Это	это	PRON	_	Animacy=Inan|Case=Nom|Gender=Neut|Number=Sing	_	_	_	@dnk1993m-Words#@dnk1993m#75.728#76.103	
330	сто	сто	NUM	_	Case=Nom	_	_	_	@dnk1993m-Words#@dnk1993m#76.103#76.478	
331	процентов	процент	NOUN	_	Animacy=Inan|Case=Gen|Gender=Masc|Number=Plur	_	_	_	@dnk1993m-Words#@dnk1993m#76.478#76.853	
332	Ну	ну	INTJ	_	_	_	_	_	@dnk1993m-Words#@dnk1993m#103.211#103.632	
333	Ты	ты	PRON	_	Case=Nom|Number=Sing|Person=2	_	_	_	@dnk1993m-Words#@dnk1993m#104.472#104.699	
334	сам	сам	PRON	_	Case=Nom|Degree=Pos|Gender=Masc|Number=Sing	_	_	_	@dnk1993m-Words#@dnk1993m#104.699#104.926	
335	знаешь	знать	VERB	_	Aspect=Imp|Mood=Ind|Number=Sing|Person=2|Tense=Pres|VerbForm=Fin|Voice=Act	_	_	_	@dnk1993m-Words#@dnk1993m#104.926#105.153	
336	кто	кто	PRON	_	Case=Nom	_	_	_	@dnk1993m-Words#@dnk1993m#105.153#105.38	
337	мне	я	PRON	_	Case=Dat|Number=Sing|Person=1	_	_	_	@dnk1993m-Words#@dnk1993m#105.38#105.607	
338	симпатичнее	симпатичный	ADJ	_	Degree=Cmp	_	_	_	@dnk1993m-Words#@dnk1993m#105.607#105.834	
339	ты	ты	PRON	_	Case=Nom|Number=Sing|Person=2	_	_	_	@dnk1993m-Words#@dnk1993m#105.834#106.061	
340	тут	тут	ADV	_	Degree=Pos	_	_	_	@dnk1993m-Words#@dnk1993m#106.061#106.288	
341	так	так	ADV	_	Degree=Pos	_	_	_	@dnk1993m-Words#@dnk1993m#106.288#106.515	
342	это	это	PRON	_	Animacy=Inan|Case=Acc|Gender=Neut|Number=Sing	_	_	_	@dnk1993m-Words#@dnk1993m#106.515#106.742	
343	поставил	ставить	VERB	_	Aspect=Perf|Gender=Masc|Mood=Ind|Number=Sing|Tense=Past|VerbForm=Fin|Voice=Act	_	_	_	@dnk1993m-Words#@dnk1993m#106.742#106.971	
344	Ну	ну	INTJ	_	_	_	_	_	@dnk1993m-Words#@dnk1993m#114.581#114.932	
345	как	как	SCONJ	_	_	_	_	_	@dnk1993m-Words#@dnk1993m#114.932#115.283	
346	ну	ну	INTJ	_	_	_	_	_	@dnk1993m-Words#@dnk1993m#115.384#115.629	
347	я	я	PRON	_	Case=Nom|Number=Sing|Person=1	_	_	_	@dnk1993m-Words#@dnk1993m#115.629#115.874	
348	Вот	вот	PART	_	_	_	_	_	@dnk1993m-Words#@dnk1993m#115.874#116.119	
349	опять	опять	ADV	_	Degree=Pos	_	_	_	@dnk1993m-Words#@dnk1993m#116.119#116.364	
350	ты	ты	PRON	_	Case=Nom|Number=Sing|Person=2	_	_	_	@dnk1993m-Words#@dnk1993m#116.364#116.609	
351	хочешь	хотеть	VERB	_	Aspect=Imp|Mood=Ind|Number=Sing|Person=2|Tense=Pres|VerbForm=Fin|Voice=Act	_	_	_	@dnk1993m-Words#@dnk1993m#116.609#116.854	
352	чтоб	чтобы	SCONJ	_	Mood=Cnd	_	_	_	@dnk1993m-Words#@dnk1993m#116.854#117.099	
353	типа	типа	PART	_	_	_	_	_	@dnk1993m-Words#@dnk1993m#117.099#117.346	
354	Ну	ну	INTJ	_	_	_	_	_	@dnk1993m-Words#@dnk1993m#117.701#118.012	
355	какое	какой	PRON	_	Case=Nom|Gender=Neut|Number=Sing	_	_	_	@dnk1993m-Words#@dnk1993m#118.012#118.323	
356	разделение	разделение	NOUN	_	Animacy=Inan|Case=Nom|Gender=Neut|Number=Sing	_	_	_	@dnk1993m-Words#@dnk1993m#118.323#118.634	
357	Я	я	PRON	_	Case=Nom|Number=Sing|Person=1	_	_	_	@dnk1993m-Words#@dnk1993m#118.634#118.945	
358	не	не	PART	_	_	_	_	_	@dnk1993m-Words#@dnk1993m#118.945#119.256	
359	знаю	знать	VERB	_	Aspect=Imp|Mood=Ind|Number=Sing|Person=1|Tense=Pres|VerbForm=Fin|Voice=Act	_	_	_	@dnk1993m-Words#@dnk1993m#119.256#119.567	
360	просто	просто	PART	_	_	_	_	_	@dnk1993m-Words#@dnk1993m#119.567#119.878	
361	кто-то	кто-то	PRON	_	Case=Nom	_	_	_	@dnk1993m-Words#@dnk1993m#119.878#120.196	
362	кто-то	кто-то	PRON	_	Case=Nom	_	_	_	@dnk1993m-Words#@dnk1993m#120.682#120.914	
363	Ну	ну	INTJ	_	_	_	_	_	@dnk1993m-Words#@dnk1993m#120.914#121.146	
364	там	там	ADV	_	Degree=Pos	_	_	_	@dnk1993m-Words#@dnk1993m#121.146#121.378	
365	нет	нет	VERB	_	Aspect=Imp|Mood=Ind|Number=Sing|Person=3|Tense=Pres|VerbForm=Fin|Voice=Act	_	_	_	@dnk1993m-Words#@dnk1993m#121.378#121.61	
366	же	же	PART	_	_	_	_	_	@dnk1993m-Words#@dnk1993m#121.61#121.842	
367	вот	вот	PART	_	_	_	_	_	@dnk1993m-Words#@dnk1993m#121.842#122.074	
368	этих	этот	PRON	_	Case=Acc|Number=Plur	_	_	_	@dnk1993m-Words#@dnk1993m#122.074#122.306	
369	В	в	ADP	_	_	_	_	_	@dnk1993m-Words#@dnk1993m#122.461#122.658	
370	две	два	NUM	_	Animacy=Inan|Case=Acc|Gender=Fem	_	_	_	@dnk1993m-Words#@dnk1993m#122.658#122.855	
371	колонны	колонна	NOUN	_	Animacy=Inan|Case=Gen|Gender=Fem|Number=Sing	_	_	_	@dnk1993m-Words#@dnk1993m#122.855#123.052	
372	же	же	PART	_	_	_	_	_	@dnk1993m-Words#@dnk1993m#123.052#123.249	
373	они	они	PRON	_	Case=Nom|Number=Plur|Person=3	_	_	_	@dnk1993m-Words#@dnk1993m#123.249#123.446	
374	не	не	PART	_	_	_	_	_	@dnk1993m-Words#@dnk1993m#123.446#123.643	
375	идут	идти	VERB	_	Aspect=Imp|Mood=Ind|Number=Plur|Person=3|Tense=Pres|VerbForm=Fin|Voice=Act	_	_	_	@dnk1993m-Words#@dnk1993m#123.643#123.84	
376	через	через	ADP	_	_	_	_	_	@dnk1993m-Words#@dnk1993m#123.84#124.037	
377	границу	граница	NOUN	_	Animacy=Inan|Case=Acc|Gender=Fem|Number=Sing	_	_	_	@dnk1993m-Words#@dnk1993m#124.037#124.234	
378	типа	типа	PART	_	_	_	_	_	@dnk1993m-Words#@dnk1993m#124.234#124.432	
379	вот	вот	PART	_	_	_	_	_	@dnk1993m-Words#@dnk1993m#124.489#124.757	
380	эта	этот	PRON	_	Case=Nom|Gender=Fem|Number=Sing	_	_	_	@dnk1993m-Words#@dnk1993m#124.757#125.025	
381	колонна	колонна	NOUN	_	Animacy=Inan|Case=Nom|Gender=Fem|Number=Sing	_	_	_	@dnk1993m-Words#@dnk1993m#125.025#125.293	
382	вот	вот	PART	_	_	_	_	_	@dnk1993m-Words#@dnk1993m#125.293#125.561	
383	этих	этот	PRON	_	Case=Gen|Number=Plur	_	_	_	@dnk1993m-Words#@dnk1993m#125.561#125.829	
384	простых	простой	ADJ	_	Case=Gen|Degree=Pos|Number=Plur	_	_	_	@dnk1993m-Words#@dnk1993m#125.829#126.097	
385	безумцев	безумец	NOUN	_	Animacy=Anim|Case=Gen|Gender=Masc|Number=Plur	_	_	_	@dnk1993m-Words#@dnk1993m#126.097#126.365	
386	а	а	CCONJ	_	_	_	_	_	@dnk1993m-Words#@dnk1993m#126.365#126.633	
387	это	это	PRON	_	Animacy=Inan|Case=Nom|Gender=Neut|Number=Sing	_	_	_	@dnk1993m-Words#@dnk1993m#126.633#126.901	
388	колонна	колонный	NOUN	_	Animacy=Inan|Case=Nom|Gender=Fem|Number=Sing	_	_	_	@dnk1993m-Words#@dnk1993m#126.901#127.169	
389	людей	человек	NOUN	_	Animacy=Anim|Case=Gen|Gender=Masc|Number=Plur	_	_	_	@dnk1993m-Words#@dnk1993m#127.169#127.437	
390	которые	который	PRON	_	Case=Acc	_	_	_	@dnk1993m-Words#@dnk1993m#127.437#127.711	
391	Ну	ну	PART	_	_	_	_	_	@dnk1993m-Words#@dnk1993m#130.582#130.88	
392	Я	я	PRON	_	Case=Nom|Number=Sing|Person=1	_	_	_	@dnk1993m-Words#@dnk1993m#132.048#132.322	
393	не	не	PART	_	_	_	_	_	@dnk1993m-Words#@dnk1993m#132.322#132.596	
394	знаю	знать	VERB	_	Aspect=Imp|Mood=Ind|Number=Sing|Person=1|Tense=Pres|VerbForm=Fin|Voice=Act	_	_	_	@dnk1993m-Words#@dnk1993m#132.596#132.87	
395	ну	ну	PART	_	_	_	_	_	@dnk1993m-Words#@dnk1993m#133.282#133.767	
396	наверное	наверное	ADV	_	Degree=Pos	_	_	_	@dnk1993m-Words#@dnk1993m#133.767#134.253	
397	наверное	наверное	ADV	_	Degree=Pos	_	_	_	@dnk1993m-Words#@dnk1993m#135.346#136.019	
398	Ч-	Ч-	PUNCT	_	_	_	_	_	@dnk1993m-Words#@dnk1993m#136.413#136.806	
399	отчасти	отчасти	ADV	_	Degree=Pos	_	_	_	@dnk1993m-Words#@dnk1993m#136.806#137.199	
400	конечно	конечно	ADV	_	Degree=Pos	_	_	_	@dnk1993m-Words#@dnk1993m#137.199#137.592	
401	кто-то	кто-то	PRON	_	Case=Nom	_	_	_	@dnk1993m-Words#@dnk1993m#137.592#137.985	
402	зарабатывает	зарабатывать	VERB	_	Aspect=Imp|Mood=Ind|Number=Sing|Person=3|Tense=Pres|VerbForm=Fin|Voice=Act	_	_	_	@dnk1993m-Words#@dnk1993m#137.985#138.378	
403	на	на	ADP	_	_	_	_	_	@dnk1993m-Words#@dnk1993m#138.378#138.771	
404	этом	это	PRON	_	Animacy=Inan|Case=Loc|Gender=Neut|Number=Sing	_	_	_	@dnk1993m-Words#@dnk1993m#138.771#139.17	
405	Просто	просто	PART	_	_	_	_	_	@dnk1993m-Words#@dnk1993m#139.732#139.95	
406	я	я	PRON	_	Case=Nom|Number=Sing|Person=1	_	_	_	@dnk1993m-Words#@dnk1993m#139.95#140.168	
407	таких	такой	PRON	_	Case=Gen|Number=Plur	_	_	_	@dnk1993m-Words#@dnk1993m#140.168#140.386	
408	людей	человек	NOUN	_	Animacy=Anim|Case=Gen|Gender=Masc|Number=Plur	_	_	_	@dnk1993m-Words#@dnk1993m#140.386#140.604	
409	ну	ну	PART	_	_	_	_	_	@dnk1993m-Words#@dnk1993m#140.604#140.822	
410	практически	практически	ADV	_	Degree=Pos	_	_	_	@dnk1993m-Words#@dnk1993m#140.822#141.04	
411	там	там	ADV	_	Degree=Pos	_	_	_	@dnk1993m-Words#@dnk1993m#141.04#141.258	
412	ну	ну	PART	_	_	_	_	_	@dnk1993m-Words#@dnk1993m#141.258#141.476	
413	не	не	PART	_	_	_	_	_	@dnk1993m-Words#@dnk1993m#141.476#141.694	
414	видел	видеть	VERB	_	Aspect=Imp|Gender=Masc|Mood=Ind|Number=Sing|Tense=Past|VerbForm=Fin|Voice=Act	_	_	_	@dnk1993m-Words#@dnk1993m#141.694#141.914	
415	но	но	CCONJ	_	_	_	_	_	@dnk1993m-Words#@dnk1993m#141.971#142.146	
416	я	я	PRON	_	Case=Nom|Number=Sing|Person=1	_	_	_	@dnk1993m-Words#@dnk1993m#142.146#142.321	
417	знаю	знать	VERB	_	Aspect=Imp|Mood=Ind|Number=Sing|Person=1|Tense=Pres|VerbForm=Fin|Voice=Act	_	_	_	@dnk1993m-Words#@dnk1993m#142.321#142.496	
418	что	что	SCONJ	_	_	_	_	_	@dnk1993m-Words#@dnk1993m#142.496#142.671	
419	они	они	PRON	_	Case=Nom|Number=Plur|Person=3	_	_	_	@dnk1993m-Words#@dnk1993m#142.671#142.846	
420	там	там	ADV	_	Degree=Pos	_	_	_	@dnk1993m-Words#@dnk1993m#142.846#143.021	
421	есть	быть	VERB	_	Aspect=Imp|Mood=Ind|Number=Sing|Person=3|Tense=Pres|VerbForm=Fin|Voice=Act	_	_	_	@dnk1993m-Words#@dnk1993m#143.021#143.201	
422	Это	это	PRON	_	Animacy=Inan|Case=Nom|Gender=Neut|Number=Sing	_	_	_	@dnk1993m-Words#@dnk1993m#143.683#143.995	
423	очевидно	очевидный	ADJ	_	Degree=Pos|Gender=Neut|Number=Sing|Variant=Short	_	_	_	@dnk1993m-Words#@dnk1993m#143.995#144.308	
424	Это	это	PRON	_	Animacy=Inan|Case=Nom|Gender=Neut|Number=Sing	_	_	_	@dnk1993m-Words#@dnk1993m#144.682#144.961	
425	очевидно	очевидный	ADJ	_	Degree=Pos|Gender=Neut|Number=Sing|Variant=Short	_	_	_	@dnk1993m-Words#@dnk1993m#144.961#145.24	
426	люди	человек	ADP	_	_	_	_	_	@dnk1993m-Words#@dnk1993m#145.24#145.519	
427	которые	который	PRON	_	Case=Acc	_	_	_	@dnk1993m-Words#@dnk1993m#145.519#145.798	
428	скажем	сказать	VERB	_	Aspect=Perf|Mood=Ind|Number=Plur|Person=1|Tense=Fut|VerbForm=Fin|Voice=Act	_	_	_	@dnk1993m-Words#@dnk1993m#146.052#146.395	
429	там	там	ADV	_	Degree=Pos	_	_	_	@dnk1993m-Words#@dnk1993m#146.395#146.738	
430	гуманитарную	гуманитарный	ADJ	_	Case=Acc|Degree=Pos|Gender=Fem|Number=Sing	_	_	_	@dnk1993m-Words#@dnk1993m#146.738#147.081	
431	помощь	помощь	NOUN	_	Animacy=Inan|Case=Acc|Gender=Fem|Number=Sing	_	_	_	@dnk1993m-Words#@dnk1993m#147.081#147.424	
432	в	в	ADP	_	_	_	_	_	@dnk1993m-Words#@dnk1993m#147.424#147.767	
433	местах	место	NOUN	_	Animacy=Inan|Case=Loc|Gender=Neut|Number=Plur	_	_	_	@dnk1993m-Words#@dnk1993m#147.767#148.11	
434	когда-а	когда-	NOUN	_	Animacy=Inan|Case=Gen|Gender=Neut|Number=Sing	_	_	_	@dnk1993m-Words#@dnk1993m#148.687#149.216	
435	идет	идти	VERB	_	Aspect=Imp|Mood=Ind|Number=Sing|Person=3|Tense=Pres|VerbForm=Fin|Voice=Act	_	_	_	@dnk1993m-Words#@dnk1993m#149.407#149.729	
436	гумконвой	гумконвой	NOUN	_	Animacy=Inan|Case=Nom|Gender=Masc|Number=Sing	_	_	_	@dnk1993m-Words#@dnk1993m#149.729#150.051	
437	скажем	сказать	VERB	_	Aspect=Perf|Mood=Ind|Number=Plur|Person=1|Tense=Fut|VerbForm=Fin|Voice=Act	_	_	_	@dnk1993m-Words#@dnk1993m#150.051#150.373	
438	из	из	ADP	_	_	_	_	_	@dnk1993m-Words#@dnk1993m#150.373#150.695	
439	России	Россия	PROPN	_	Animacy=Inan|Case=Gen|Gender=Fem|Number=Sing	_	_	_	@dnk1993m-Words#@dnk1993m#150.695#151.019	
440	они	они	PRON	_	Case=Nom|Number=Plur|Person=3	_	_	_	@dnk1993m-Words#@dnk1993m#151.042#151.349	
441	ее	она	PRON	_	Case=Acc|Gender=Fem|Number=Sing|Person=3	_	_	_	@dnk1993m-Words#@dnk1993m#151.349#151.656	
442	неправильно	неправильно	ADV	_	Degree=Pos	_	_	_	@dnk1993m-Words#@dnk1993m#151.656#151.963	
443	распределяют	распределять	VERB	_	Aspect=Imp|Mood=Ind|Number=Plur|Person=3|Tense=Pres|VerbForm=Fin|Voice=Act	_	_	_	@dnk1993m-Words#@dnk1993m#151.963#152.27	
444	в	в	ADP	_	_	_	_	_	@dnk1993m-Words#@dnk1993m#152.27#152.577	
445	угоду	угода	NOUN	_	Animacy=Inan|Case=Acc|Gender=Fem|Number=Sing	_	_	_	@dnk1993m-Words#@dnk1993m#152.577#152.884	
446	там	там	ADV	_	Degree=Pos	_	_	_	@dnk1993m-Words#@dnk1993m#152.884#153.191	
447	своим	свой	PRON	_	Case=Dat|Number=Plur	_	_	_	@dnk1993m-Words#@dnk1993m#153.191#153.498	
448	личным	личный	ADJ	_	Case=Dat|Degree=Pos|Number=Plur	_	_	_	@dnk1993m-Words#@dnk1993m#153.498#153.805	
449	интересам	интерес	NOUN	_	Animacy=Inan|Case=Dat|Gender=Masc|Number=Plur	_	_	_	@dnk1993m-Words#@dnk1993m#153.805#154.119	
450	это	это	PRON	_	Animacy=Inan|Case=Acc|Gender=Neut|Number=Sing	_	_	_	@dnk1993m-Words#@dnk1993m#154.142#154.421	
451	сто	сто	NUM	_	Case=Acc	_	_	_	@dnk1993m-Words#@dnk1993m#154.421#154.7	
452	процентов	процент	NOUN	_	Animacy=Inan|Case=Gen|Gender=Masc|Number=Plur	_	_	_	@dnk1993m-Words#@dnk1993m#154.7#154.979	
453	Я	я	PRON	_	Case=Nom|Number=Sing|Person=1	_	_	_	@dnk1993m-Words#@dnk1993m#155.026#155.223	
454	так	так	ADV	_	Degree=Pos	_	_	_	@dnk1993m-Words#@dnk1993m#155.223#155.42	
455	ну	ну	PART	_	_	_	_	_	@dnk1993m-Words#@dnk1993m#155.516#155.795	
456	это	это	PRON	_	Animacy=Inan|Case=Nom|Gender=Neut|Number=Sing	_	_	_	@dnk1993m-Words#@dnk1993m#156.006#156.235	
457	вообще	вообще	ADV	_	Degree=Pos	_	_	_	@dnk1993m-Words#@dnk1993m#156.235#156.464	
458	свойственно	свойственно	ADJ	_	Degree=Pos|Gender=Neut|Number=Sing|Variant=Short	_	_	_	@dnk1993m-Words#@dnk1993m#156.464#156.693	
459	ну	ну	PART	_	_	_	_	_	@dnk1993m-Words#@dnk1993m#156.693#156.922	
460	как	как	ADV	_	Degree=Pos	_	_	_	@dnk1993m-Words#@dnk1993m#156.922#157.151	
461	бы	бы	PART	_	_	_	_	_	@dnk1993m-Words#@dnk1993m#157.151#157.381	
462	ну	ну	PART	_	_	_	_	_	@dnk1993m-Words#@dnk1993m#159.548#160.005	
463	это	это	PRON	_	Animacy=Inan|Case=Nom|Gender=Neut|Number=Sing	_	_	_	@dnk1993m-Words#@dnk1993m#160.442#160.807	
464	нормально	нормально	ADV	_	Degree=Pos	_	_	_	@dnk1993m-Words#@dnk1993m#160.807#161.172	
465	в	в	ADP	_	_	_	_	_	@dnk1993m-Words#@dnk1993m#161.561#161.844	
466	том	тот	PRON	_	Case=Loc|Gender=Masc|Number=Sing	_	_	_	@dnk1993m-Words#@dnk1993m#161.844#162.127	
467	плане	план	NOUN	_	Animacy=Inan|Case=Loc|Gender=Masc|Number=Sing	_	_	_	@dnk1993m-Words#@dnk1993m#162.127#162.41	
468	что-о	что-о	ADV	_	Degree=Pos	_	_	_	@dnk1993m-Words#@dnk1993m#162.41#162.696	
469	это	это	PRON	_	Animacy=Inan|Case=Nom|Gender=Neut|Number=Sing	_	_	_	@dnk1993m-Words#@dnk1993m#162.738#163.001	
470	конечно	конечно	ADV	_	Degree=Pos	_	_	_	@dnk1993m-Words#@dnk1993m#163.001#163.264	
471	с	с	ADP	_	_	_	_	_	@dnk1993m-Words#@dnk1993m#163.264#163.527	
472	точки	точка	NOUN	_	Animacy=Inan|Case=Gen|Gender=Fem|Number=Sing	_	_	_	@dnk1993m-Words#@dnk1993m#163.527#163.79	
473	зрения	зрение	NOUN	_	Animacy=Inan|Case=Gen|Gender=Neut|Number=Sing	_	_	_	@dnk1993m-Words#@dnk1993m#163.79#164.053	
474	морали	мораль	NOUN	_	Animacy=Inan|Case=Gen|Gender=Fem|Number=Sing	_	_	_	@dnk1993m-Words#@dnk1993m#164.053#164.316	
475	-	-	PUNCT	_	_	_	_	_	@dnk1993m-Words#@dnk1993m#164.316#164.579	
476	это	это	PRON	_	_	_	_	_	@dnk1993m-Words#@dnk1993m#164.579#164.842	
477	безобразие	безобразий	NOUN	_	Animacy=Inan|Case=Nom|Gender=Neut|Number=Sing	_	_	_	@dnk1993m-Words#@dnk1993m#164.842#165.113	
478	ну-у	ну-а	ADV	_	Degree=Pos	_	_	_	@dnk1993m-Words#@dnk1993m#165.641#165.985	
479	это	это	PRON	_	Animacy=Inan|Case=Nom|Gender=Neut|Number=Sing	_	_	_	@dnk1993m-Words#@dnk1993m#165.985#166.329	
480	нормально	нормальный	ADV	_	Degree=Pos	_	_	_	@dnk1993m-Words#@dnk1993m#166.329#166.673	
481	что	что	SCONJ	_	_	_	_	_	@dnk1993m-Words#@dnk1993m#166.673#167.017	
482	так	так	ADV	_	Degree=Pos	_	_	_	@dnk1993m-Words#@dnk1993m#167.017#167.361	
483	было	быть	VERB	_	Aspect=Imp|Gender=Neut|Mood=Ind|Number=Sing|Tense=Past|VerbForm=Fin|Voice=Act	_	_	_	@dnk1993m-Words#@dnk1993m#167.361#167.705	
484	всегда	всегда	ADV	_	Degree=Pos	_	_	_	@dnk1993m-Words#@dnk1993m#167.705#168.049	
485	типа	типа	PART	_	_	_	_	_	@dnk1993m-Words#@dnk1993m#168.049#168.393	
486	ну	ну	PART	_	_	_	_	_	@dnk1993m-Words#@dnk1993m#168.393#168.74	
487	да	да	PART	_	_	_	_	_	@dnk1993m-Words#@dnk1993m#169.17#169.613	
488	А	А	PART	_	_	_	_	_	@dnk1993m-Words#@dnk1993m#170.204#170.503	
489	что	что	PRON	_	Case=Nom	_	_	_	@dnk1993m-Words#@dnk1993m#170.503#170.802	
490	касается	касаться	VERB	_	Aspect=Imp|Mood=Ind|Number=Sing|Person=3|Tense=Pres|VerbForm=Fin|Voice=Mid	_	_	_	@dnk1993m-Words#@dnk1993m#170.802#171.101	
491	всех	весь	PRON	_	Case=Gen|Number=Plur	_	_	_	@dnk1993m-Words#@dnk1993m#171.101#171.4	
492	безумцев	безумец	NOUN	_	Animacy=Anim|Case=Gen|Gender=Masc|Number=Plur	_	_	_	@dnk1993m-Words#@dnk1993m#171.4#171.699	
493	я	я	PRON	_	Case=Nom|Number=Sing|Person=1	_	_	_	@dnk1993m-Words#@dnk1993m#171.699#171.998	
494	нигде	нигде	ADV	_	Degree=Pos	_	_	_	@dnk1993m-Words#@dnk1993m#171.998#172.297	
495	вообще	вообще	ADV	_	Degree=Pos	_	_	_	@dnk1993m-Words#@dnk1993m#172.297#172.596	
496	не	не	PART	_	_	_	_	_	@dnk1993m-Words#@dnk1993m#172.596#172.895	
497	видел	видеть	VERB	_	Aspect=Imp|Gender=Masc|Mood=Ind|Number=Sing|Tense=Past|VerbForm=Fin|Voice=Act	_	_	_	@dnk1993m-Words#@dnk1993m#172.895#173.194	
498	столько	столько	ADV	_	Degree=Pos	_	_	_	@dnk1993m-Words#@dnk1993m#173.194#173.493	
499	светлых	светлый	ADJ	_	Animacy=Anim|Case=Acc|Degree=Pos|Number=Plur	_	_	_	@dnk1993m-Words#@dnk1993m#173.737#174.179	
500	людей	человек	NOUN	_	Animacy=Anim|Case=Acc|Gender=Masc|Number=Plur	_	_	_	@dnk1993m-Words#@dnk1993m#174.179#174.622	
501	сколько	сколько	NUM	_	_	_	_	_	@dnk1993m-Words#@dnk1993m#174.77#175.075	
502	там	там	ADV	_	Degree=Pos	_	_	_	@dnk1993m-Words#@dnk1993m#175.075#175.38	
503	вообще	вообще	ADV	_	Degree=Pos	_	_	_	@dnk1993m-Words#@dnk1993m#175.38#175.685	
504	никогда	никогда	ADV	_	Degree=Pos	_	_	_	@dnk1993m-Words#@dnk1993m#175.685#175.99	
505	то	то	PRON	_	Animacy=Inan|Case=Nom|Gender=Neut|Number=Sing	_	_	_	@dnk1993m-Words#@dnk1993m#176.151#176.357	
506	есть	быть	VERB	_	Aspect=Imp|Mood=Ind|Number=Sing|Person=3|Tense=Pres|VerbForm=Fin|Voice=Act	_	_	_	@dnk1993m-Words#@dnk1993m#176.357#176.564	
507	такого	такой	PRON	_	Case=Gen|Gender=Neut|Number=Sing	_	_	_	@dnk1993m-Words#@dnk1993m#176.698#177.013	
508	количества	количество	NOUN	_	Animacy=Inan|Case=Gen|Gender=Neut|Number=Sing	_	_	_	@dnk1993m-Words#@dnk1993m#177.013#177.328	
509	на	на	ADP	_	_	_	_	_	@dnk1993m-Words#@dnk1993m#177.328#177.643	
510	квадратный	квадратный	ADJ	_	Animacy=Inan|Case=Acc|Degree=Pos|Gender=Masc|Number=Sing	_	_	_	@dnk1993m-Words#@dnk1993m#177.643#177.958	
511	метр	метр	NOUN	_	Animacy=Inan|Case=Acc|Gender=Masc|Number=Sing	_	_	_	@dnk1993m-Words#@dnk1993m#177.958#178.275	
512	То	То	PRON	_	Animacy=Inan|Case=Nom|Gender=Neut|Number=Sing	_	_	_	@dnk1993m-Words#@dnk1993m#178.394#178.625	
513	есть	быть	VERB	_	Aspect=Imp|Mood=Ind|Number=Sing|Person=3|Tense=Pres|VerbForm=Fin|Voice=Act	_	_	_	@dnk1993m-Words#@dnk1993m#178.625#178.856	
514	Не	не	PART	_	_	_	_	_	@dnk1993m-Words#@dnk1993m#179.629#179.852	
515	знаю	знать	NOUN	_	Animacy=Inan|Case=Par|Gender=Masc|Number=Sing	_	_	_	@dnk1993m-Words#@dnk1993m#179.852#180.075	
516	может	мочь	VERB	_	Aspect=Imp|Mood=Ind|Number=Sing|Person=3|Tense=Pres|VerbForm=Fin|Voice=Act	_	_	_	@dnk1993m-Words#@dnk1993m#180.075#180.298	
517	быть	быть	AUX	_	Aspect=Imp|VerbForm=Inf|Voice=Act	_	_	_	@dnk1993m-Words#@dnk1993m#180.298#180.521	
518	это	это	PRON	_	Animacy=Inan|Case=Nom|Gender=Neut|Number=Sing	_	_	_	@dnk1993m-Words#@dnk1993m#180.521#180.744	
519	типа	типа	PART	_	_	_	_	_	@dnk1993m-Words#@dnk1993m#180.744#180.967	
520	близость	близость	NOUN	_	Animacy=Inan|Case=Nom|Gender=Fem|Number=Sing	_	_	_	@dnk1993m-Words#@dnk1993m#180.967#181.19	
521	смерти	смерть	NOUN	_	Animacy=Inan|Case=Gen|Gender=Fem|Number=Sing	_	_	_	@dnk1993m-Words#@dnk1993m#181.19#181.413	
522	так	так	ADV	_	Degree=Pos	_	_	_	@dnk1993m-Words#@dnk1993m#181.413#181.636	
523	влияет	влиять	VERB	_	Aspect=Imp|Mood=Ind|Number=Sing|Person=3|Tense=Pres|VerbForm=Fin|Voice=Act	_	_	_	@dnk1993m-Words#@dnk1993m#181.636#181.859	
524	на	на	ADP	_	_	_	_	_	@dnk1993m-Words#@dnk1993m#181.859#182.082	
525	людей	человек	NOUN	_	Animacy=Anim|Case=Acc|Gender=Masc|Number=Plur	_	_	_	@dnk1993m-Words#@dnk1993m#182.082#182.305	
526	как	как	ADV	_	Degree=Pos	_	_	_	@dnk1993m-Words#@dnk1993m#182.305#182.528	
527	бы	бы	PART	_	_	_	_	_	@dnk1993m-Words#@dnk1993m#182.528#182.764	
528	а	о	CCONJ	_	_	_	_	_	@dnk1993m-Words#@dnk1993m#182.883#183.108	
529	может	мочь	VERB	_	Aspect=Imp|Mood=Ind|Number=Sing|Person=3|Tense=Pres|VerbForm=Fin|Voice=Act	_	_	_	@dnk1993m-Words#@dnk1993m#183.108#183.333	
530	быть	быть	AUX	_	Aspect=Imp|VerbForm=Inf|Voice=Act	_	_	_	@dnk1993m-Words#@dnk1993m#183.333#183.558	
531	чет	чет	VERB	_	Aspect=Imp|Mood=Ind|Number=Sing|Person=3|Tense=Pres|VerbForm=Fin|Voice=Act	_	_	_	@dnk1993m-Words#@dnk1993m#183.558#183.783	
532	другое	другой	ADJ	_	Case=Acc|Degree=Pos|Gender=Neut|Number=Sing	_	_	_	@dnk1993m-Words#@dnk1993m#183.783#184.008	
533	Ну	ну	PART	_	_	_	_	_	@dnk1993m-Words#@dnk1993m#184.238#184.512	
534	или	или	CCONJ	_	_	_	_	_	@dnk1993m-Words#@dnk1993m#184.512#184.786	
535	там	там	ADV	_	Degree=Pos	_	_	_	@dnk1993m-Words#@dnk1993m#184.786#185.06	
536	огромное	огромный	ADJ	_	Case=Acc|Degree=Pos|Gender=Neut|Number=Sing	_	_	_	@dnk1993m-Words#@dnk1993m#185.06#185.334	
537	количество	количество	NOUN	_	Animacy=Inan|Case=Acc|Gender=Neut|Number=Sing	_	_	_	@dnk1993m-Words#@dnk1993m#185.334#185.608	
538	пассионарных	пассионарный	ADJ	_	Case=Gen|Degree=Pos|Number=Plur	_	_	_	@dnk1993m-Words#@dnk1993m#185.608#185.882	
539	как	как	ADV	_	Degree=Pos	_	_	_	@dnk1993m-Words#@dnk1993m#185.882#186.156	
540	бы	бы	PART	_	_	_	_	_	@dnk1993m-Words#@dnk1993m#186.156#186.43	
541	людей	человек	NOUN	_	Animacy=Anim|Case=Gen|Gender=Masc|Number=Plur	_	_	_	@dnk1993m-Words#@dnk1993m#186.43#186.709	
542	То	То	PRON	_	Animacy=Inan|Case=Nom|Gender=Neut|Number=Sing	_	_	_	@dnk1993m-Words#@dnk1993m#187.304#187.608	
543	есть	быть	VERB	_	Aspect=Imp|Mood=Ind|Number=Sing|Person=3|Tense=Pres|VerbForm=Fin|Voice=Act	_	_	_	@dnk1993m-Words#@dnk1993m#187.608#187.912	
544	и-и	и-ь	NOUN	_	Animacy=Inan|Case=Gen|Gender=Fem|Number=Sing	_	_	_	@dnk1993m-Words#@dnk1993m#187.912#188.218	
545	Ну	Н	PART	_	_	_	_	_	@dnk1993m-Words#@dnk1993m#188.554#188.816	
546	и	и	CCONJ	_	_	_	_	_	@dnk1993m-Words#@dnk1993m#188.816#189.078	
547	И	и	PART	_	_	_	_	_	@dnk1993m-Words#@dnk1993m#189.078#189.34	
548	было	быть	VERB	_	Aspect=Imp|Gender=Neut|Mood=Ind|Number=Sing|Tense=Past|VerbForm=Fin|Voice=Act	_	_	_	@dnk1993m-Words#@dnk1993m#189.34#189.602	
549	и	и	CCONJ	_	_	_	_	_	@dnk1993m-Words#@dnk1993m#189.602#189.864	
550	есть	быть	VERB	_	Aspect=Imp|Mood=Ind|Number=Plur|Person=3|Tense=Pres|VerbForm=Fin|Voice=Act	_	_	_	@dnk1993m-Words#@dnk1993m#189.864#190.131	
551	Многие	много	NUM	_	_	_	_	_	@dnk1993m-Words#@dnk1993m#191.558#191.917	
552	думают	думать	VERB	_	Aspect=Imp|Mood=Ind|Number=Plur|Person=3|Tense=Pres|VerbForm=Fin|Voice=Act	_	_	_	@dnk1993m-Words#@dnk1993m#191.917#192.276	
553	что	что	SCONJ	_	_	_	_	_	@dnk1993m-Words#@dnk1993m#192.276#192.635	
554	типа тип NOUN	_	Animacy=Inan|Case=Gen|Gender=Masc|Number=Sing	_	_	_	@dnk1993m-Words#@dnk1993m#192.937#193.163	
555	надо	надо	ADV	_	Degree=Pos	_	_	_	@dnk1993m-Words#@dnk1993m#193.201#193.425	
556	б-	б-	PUNCT	_	_	_	_	_	@dnk1993m-Words#@dnk1993m#193.425#193.649	
557	м-	м-	PUNCT	_	_	_	_	_	@dnk1993m-Words#@dnk1993m#193.649#193.873	
558	как	как	ADV	_	Degree=Pos	_	_	_	@dnk1993m-Words#@dnk1993m#193.873#194.097	
559	бы	бы	AUX	_	_	_	_	_	@dnk1993m-Words#@dnk1993m#194.097#194.322	
560	фильтровать	фильтровать	VERB	_	Aspect=Imp|VerbForm=Inf|Voice=Act	_	_	_	@dnk1993m-Words#@dnk1993m#194.571#194.914	
561	как	как	ADV	_	Degree=Pos	_	_	_	@dnk1993m-Words#@dnk1993m#194.914#195.257	
562	бы	бы	PART	_	_	_	_	_	@dnk1993m-Words#@dnk1993m#195.257#195.6	
563	А	а	PROPN	_	Foreign=Yes	_	_	_	@dnk1993m-Words#@dnk1993m#196.588#196.778	
564	на	на	ADP	_	_	_	_	_	@dnk1993m-Words#@dnk1993m#196.778#196.968	
565	самом	самый	ADJ	_	Case=Loc|Degree=Pos|Gender=Neut|Number=Sing	_	_	_	@dnk1993m-Words#@dnk1993m#196.968#197.158	
566	деле	дело	NOUN	_	Animacy=Inan|Case=Loc|Gender=Neut|Number=Sing	_	_	_	@dnk1993m-Words#@dnk1993m#197.158#197.348	
567	не	не	PART	_	_	_	_	_	@dnk1993m-Words#@dnk1993m#197.348#197.538	
568	надо	надо	ADV	_	Degree=Pos	_	_	_	@dnk1993m-Words#@dnk1993m#197.538#197.728	
569	мне	я	PRON	_	Case=Dat|Number=Sing|Person=1	_	_	_	@dnk1993m-Words#@dnk1993m#197.728#197.918	
570	кажется	казаться	VERB	_	Aspect=Imp|Mood=Ind|Number=Sing|Person=3|Tense=Pres|VerbForm=Fin|Voice=Mid	_	_	_	@dnk1993m-Words#@dnk1993m#197.918#198.115	
571	надо	надо	ADV	_	Degree=Pos	_	_	_	@dnk1993m-Words#@dnk1993m#198.577#198.882	
572	стараться	стараться	VERB	_	Aspect=Imp|VerbForm=Inf|Voice=Mid	_	_	_	@dnk1993m-Words#@dnk1993m#198.882#199.187	
573	не	не	PART	_	_	_	_	_	@dnk1993m-Words#@dnk1993m#199.187#199.492	
574	фильтровать	фильтровать	VERB	_	Aspect=Imp|VerbForm=Inf|Voice=Act	_	_	_	@dnk1993m-Words#@dnk1993m#199.492#199.797	
575	а	а	CCONJ	_	_	_	_	_	@dnk1993m-Words#@dnk1993m#199.797#200.102	
576	говорить	говорить	VERB	_	Aspect=Imp|VerbForm=Inf|Voice=Act	_	_	_	@dnk1993m-Words#@dnk1993m#200.102#200.407	
577	ч-	ч-	PUNCT	_	_	_	_	_	@dnk1993m-Words#@dnk1993m#200.407#200.712	
578	че	что	PRON	_	Case=Nom	_	_	_	@dnk1993m-Words#@dnk1993m#200.712#201.017	
579	думаешь	думать	VERB	_	Aspect=Imp|Mood=Ind|Number=Sing|Person=2|Tense=Pres|VerbForm=Fin|Voice=Act	_	_	_	@dnk1993m-Words#@dnk1993m#201.017#201.326	
580	Допустим	допустим	VERB	_	Aspect=Perf|Mood=Ind|Number=Plur|Person=1|Tense=Fut|VerbForm=Fin|Voice=Act	_	_	_	@dnk1993m-Words#@dnk1993m#201.59#201.874	
581	когда	когда	SCONJ	_	_	_	_	_	@dnk1993m-Words#@dnk1993m#201.874#202.158	
582	я	я	PRON	_	Case=Nom|Number=Sing|Person=1	_	_	_	@dnk1993m-Words#@dnk1993m#202.158#202.442	
583	работал	работать	VERB	_	Aspect=Imp|Gender=Masc|Mood=Ind|Number=Sing|Tense=Past|VerbForm=Fin|Voice=Act	_	_	_	@dnk1993m-Words#@dnk1993m#202.442#202.726	
584	на	на	ADP	_	_	_	_	_	@dnk1993m-Words#@dnk1993m#202.726#203.01	
585	телевидении	телевидение	NOUN	_	Animacy=Inan|Case=Loc|Gender=Neut|Number=Sing	_	_	_	@dnk1993m-Words#@dnk1993m#203.01#203.294	
586	там	там	ADV	_	Degree=Pos	_	_	_	@dnk1993m-Words#@dnk1993m#203.294#203.578	
587	вс-	вс-	PUNCT	_	_	_	_	_	@dnk1993m-Words#@dnk1993m#203.578#203.869	
588	очень	очень	ADV	_	Degree=Pos	_	_	_	@dnk1993m-Words#@dnk1993m#204.211#204.499	
589	много	много	ADV	_	Degree=Pos	_	_	_	@dnk1993m-Words#@dnk1993m#204.499#204.787	
590	люди	человек	NOUN	_	Animacy=Anim|Case=Nom|Gender=Masc|Number=Plur	_	_	_	@dnk1993m-Words#@dnk1993m#204.787#205.075	
591	н-	н-	PUNCT	_	_	_	_	_	@dnk1993m-Words#@dnk1993m#205.075#205.363	
592	не	не	PART	_	_	_	_	_	@dnk1993m-Words#@dnk1993m#205.363#205.651	
593	давали	давать	VERB	_	Aspect=Imp|Mood=Ind|Number=Plur|Tense=Past|VerbForm=Fin|Voice=Act	_	_	_	@dnk1993m-Words#@dnk1993m#205.651#205.939	
594	в	в	ADP	_	_	_	_	_	@dnk1993m-Words#@dnk1993m#205.939#206.227	
595	эфир	эфир	NOUN	_	Animacy=Inan|Case=Acc|Gender=Masc|Number=Sing	_	_	_	@dnk1993m-Words#@dnk1993m#206.227#206.515	
596	не	не	PART	_	_	_	_	_	@dnk1993m-Words#@dnk1993m#206.515#206.803	
597	потому	потому	ADV	_	Degree=Pos	_	_	_	@dnk1993m-Words#@dnk1993m#206.803#207.091	
598	что	что	SCONJ	_	_	_	_	_	@dnk1993m-Words#@dnk1993m#207.091#207.379	
599	им	они	PRON	_	Case=Dat|Number=Plur|Person=3	_	_	_	@dnk1993m-Words#@dnk1993m#207.379#207.667	
600	запрещали	запрещать	VERB	_	Aspect=Imp|Mood=Ind|Number=Plur|Tense=Past|VerbForm=Fin|Voice=Act	_	_	_	@dnk1993m-Words#@dnk1993m#207.667#207.961	
601	а	а	CCONJ	_	_	_	_	_	@dnk1993m-Words#@dnk1993m#208.331#208.571	
602	потому	потому	ADV	_	Degree=Pos	_	_	_	@dnk1993m-Words#@dnk1993m#208.571#208.811	
603	что	что	SCONJ	_	_	_	_	_	@dnk1993m-Words#@dnk1993m#208.811#209.051	
604	они	они	PRON	_	Case=Nom|Number=Plur|Person=3	_	_	_	@dnk1993m-Words#@dnk1993m#209.051#209.291	
605	сами	сам	ADJ	_	Case=Nom|Degree=Pos|Number=Plur	_	_	_	@dnk1993m-Words#@dnk1993m#209.291#209.531	
606	себе	себя	PRON	_	Case=Dat	_	_	_	@dnk1993m-Words#@dnk1993m#209.531#209.771	
607	придумали	придумать	VERB	_	Aspect=Perf|Mood=Ind|Number=Plur|Tense=Past|VerbForm=Fin|Voice=Act	_	_	_	@dnk1993m-Words#@dnk1993m#209.771#210.011	
608	этот	этот	PRON	_	Case=Acc|Gender=Masc|Number=Sing	_	_	_	@dnk1993m-Words#@dnk1993m#210.011#210.251	
609	запрет	запрет	NOUN	_	Animacy=Inan|Case=Acc|Gender=Masc|Number=Sing	_	_	_	@dnk1993m-Words#@dnk1993m#210.251#210.494	
610	То	То	PRON	_	Animacy=Inan|Case=Nom|Gender=Neut|Number=Sing	_	_	_	@dnk1993m-Words#@dnk1993m#210.769#210.961	
611	есть	быть	VERB	_	Aspect=Imp|Mood=Ind|Number=Sing|Person=3|Tense=Pres|VerbForm=Fin|Voice=Act	_	_	_	@dnk1993m-Words#@dnk1993m#210.961#211.153	
612	да	да	PART	_	_	_	_	_	@dnk1993m-Words#@dnk1993m#211.153#211.346	
613	то	то	PRON	_	Animacy=Inan|Case=Nom|Gender=Neut|Number=Sing	_	_	_	@dnk1993m-Words#@dnk1993m#211.538#211.814	
614	есть	быть	VERB	_	Aspect=Imp|Mood=Ind|Number=Sing|Person=3|Tense=Pres|VerbForm=Fin|Voice=Act	_	_	_	@dnk1993m-Words#@dnk1993m#211.814#212.09	
615	Ой-й	Ой-е	ADJ	_	Case=Nom|Degree=Pos|Gender=Masc|Number=Sing	_	_	_	@dnk1993m-Words#@dnk1993m#212.224#212.473	
616	давайте	давать	VERB	_	Aspect=Imp|Mood=Imp|Number=Plur|Person=2|VerbForm=Fin|Voice=Act	_	_	_	@dnk1993m-Words#@dnk1993m#212.473#212.722	
617	не	не	PART	_	_	_	_	_	@dnk1993m-Words#@dnk1993m#212.722#212.971	
618	будем	быть	AUX	_	Aspect=Imp|Mood=Ind|Number=Plur|Person=1|Tense=Pres|VerbForm=Fin|Voice=Act	_	_	_	@dnk1993m-Words#@dnk1993m#212.971#213.22	
619	там	там	ADV	_	Degree=Pos	_	_	_	@dnk1993m-Words#@dnk1993m#213.22#213.471	
620	Хотя	хотя	SCONJ	_	_	_	_	_	@dnk1993m-Words#@dnk1993m#213.942#214.159	
621	пофигу	пофигу	ADV	_	Degree=Pos	_	_	_	@dnk1993m-Words#@dnk1993m#214.159#214.376	
622	ну-ка	ну-ка	INTJ	_	_	_	_	_	@dnk1993m-Words#@dnk1993m#214.376#214.593	
623	давай	давать	VERB	_	Aspect=Imp|Mood=Imp|Number=Sing|Person=2|VerbForm=Fin|Voice=Act	_	_	_	@dnk1993m-Words#@dnk1993m#214.593#214.81	
624	-	-	PUNCT	_	_	_	_	_	@dnk1993m-Words#@dnk1993m#214.81#215.027	
625	и	и	CCONJ	_	_	_	_	_	@dnk1993m-Words#@dnk1993m#215.027#215.244	
626	все	весь	PRON	_	Case=Nom|Number=Plur	_	_	_	@dnk1993m-Words#@dnk1993m#215.244#215.461	
627	типа	типа	PART	_	_	_	_	_	@dnk1993m-Words#@dnk1993m#215.461#215.682	
628	И	и	CCONJ	_	_	_	_	_	@dnk1993m-Words#@dnk1993m#216.185#216.391	
629	вот	вот	PART	_	_	_	_	_	@dnk1993m-Words#@dnk1993m#216.391#216.597	
630	это	это	PRON	_	Animacy=Inan|Case=Nom|Gender=Neut|Number=Sing	_	_	_	@dnk1993m-Words#@dnk1993m#216.597#216.803	
631	вот	вот	PART	_	_	_	_	_	@dnk1993m-Words#@dnk1993m#216.803#217.009	
632	меня	я	PRON	_	Case=Acc|Number=Sing|Person=1	_	_	_	@dnk1993m-Words#@dnk1993m#217.009#217.215	
633	бесило	бесить	VERB	_	Aspect=Imp|Gender=Neut|Mood=Ind|Number=Sing|Tense=Past|VerbForm=Fin|Voice=Act	_	_	_	@dnk1993m-Words#@dnk1993m#217.215#217.421	
634	всегда	всегда	ADV	_	Degree=Pos	_	_	_	@dnk1993m-Words#@dnk1993m#217.421#217.627	
635	Еще	еще	ADV	_	Degree=Pos	_	_	_	@dnk1993m-Words#@dnk1993m#217.874#218.162	
636	всегда	всегда	ADV	_	Degree=Pos	_	_	_	@dnk1993m-Words#@dnk1993m#218.162#218.45	
637	говорили	говорить	VERB	_	Aspect=Imp|Mood=Ind|Number=Plur|Tense=Past|VerbForm=Fin|Voice=Act	_	_	_	@dnk1993m-Words#@dnk1993m#218.45#218.738	
638	что	что	PRON	_	Case=Acc	_	_	_	@dnk1993m-Words#@dnk1993m#218.738#219.028	
639	кхм	кх	ADJ	_	Case=Ins|Degree=Pos|Gender=Neut|Number=Sing	_	_	_	@dnk1993m-Words#@dnk1993m#219.138#219.359	
640	наша	наш	PRON	_	Case=Nom|Gender=Fem|Number=Sing	_	_	_	@dnk1993m-Words#@dnk1993m#219.512#219.817	
641	аудитория	аудитория	NOUN	_	Animacy=Inan|Case=Nom|Gender=Fem|Number=Sing	_	_	_	@dnk1993m-Words#@dnk1993m#219.817#220.122	
642	-	-	PUNCT	_	_	_	_	_	@dnk1993m-Words#@dnk1993m#220.122#220.427	
643	это	это	PRON	_	_	_	_	_	@dnk1993m-Words#@dnk1993m#220.427#220.733	
644	домохойзяки	домохойзяк	NOUN	_	Animacy=Anim|Case=Nom|Gender=Masc|Number=Plur	_	_	_	@dnk1993m-Words#@dnk1993m#220.963#221.386	
645	там	там	ADV	_	Degree=Pos	_	_	_	@dnk1993m-Words#@dnk1993m#221.386#221.809	
646	с	с	ADP	_	_	_	_	_	@dnk1993m-Words#@dnk1993m#222.217#222.447	
647	пятидесяти	пятьдесят	NUM	_	Case=Gen	_	_	_	@dnk1993m-Words#@dnk1993m#222.447#222.677	
648	лет	год	NOUN	_	Animacy=Inan|Case=Gen|Gender=Masc|Number=Plur	_	_	_	@dnk1993m-Words#@dnk1993m#222.677#222.907	
649	ну	ну	PART	_	_	_	_	_	@dnk1993m-Words#@dnk1993m#222.907#223.137	
650	условно	условно	ADV	_	Degree=Pos	_	_	_	@dnk1993m-Words#@dnk1993m#223.137#223.367	
651	там	там	ADV	_	Degree=Pos	_	_	_	@dnk1993m-Words#@dnk1993m#223.367#223.602	
652	это	это	PRON	_	Animacy=Inan|Case=Acc|Gender=Neut|Number=Sing	_	_	_	@dnk1993m-Words#@dnk1993m#224.076#224.352	
653	тоже	тоже	PART	_	_	_	_	_	@dnk1993m-Words#@dnk1993m#224.352#224.628	
654	меня	я	PRON	_	Case=Acc|Number=Sing|Person=1	_	_	_	@dnk1993m-Words#@dnk1993m#224.628#224.904	
655	бесило	бесить	VERB	_	Aspect=Imp|Gender=Neut|Mood=Ind|Number=Sing|Tense=Past|VerbForm=Fin|Voice=Act	_	_	_	@dnk1993m-Words#@dnk1993m#224.904#225.182	
656	У	у	ADP	_	_	_	_	_	@dnk1993m-Words#@dnk1993m#225.798#225.986	
657	вас	вы	PRON	_	Case=Gen|Number=Plur|Person=2	_	_	_	@dnk1993m-Words#@dnk1993m#225.986#226.174	
658	тоже	тоже	PART	_	_	_	_	_	@dnk1993m-Words#@dnk1993m#226.174#226.362	
659	есть	быть	VERB	_	Aspect=Imp|Mood=Ind|Number=Sing|Person=3|Tense=Pres|VerbForm=Fin|Voice=Act	_	_	_	@dnk1993m-Words#@dnk1993m#226.362#226.55	
660	такая	такой	PRON	_	Case=Nom|Gender=Fem|Number=Sing	_	_	_	@dnk1993m-Words#@dnk1993m#226.55#226.74	
661	только	только	PART	_	_	_	_	_	@dnk1993m-Words#@dnk1993m#226.768#227.0	
662	у	у	ADP	_	_	_	_	_	@dnk1993m-Words#@dnk1993m#227.0#227.232	
663	вас	вы	PRON	_	Case=Gen|Number=Plur|Person=2	_	_	_	@dnk1993m-Words#@dnk1993m#227.232#227.464	
664	другая	другой	ADJ	_	Case=Nom|Degree=Pos|Gender=Fem|Number=Sing	_	_	_	@dnk1993m-Words#@dnk1993m#227.464#227.696	
665	там	там	ADV	_	Degree=Pos	_	_	_	@dnk1993m-Words#@dnk1993m#227.696#227.928	
666	типа	типа	PART	_	_	_	_	_	@dnk1993m-Words#@dnk1993m#227.928#228.16	
667	аудитория	аудитория	NOUN	_	Animacy=Inan|Case=Nom|Gender=Fem|Number=Sing	_	_	_	@dnk1993m-Words#@dnk1993m#228.16#228.394	
668	которую	который	PRON	_	Case=Acc	_	_	_	@dnk1993m-Words#@dnk1993m#228.484#228.844	
669	типа	типа	PART	_	_	_	_	_	@dnk1993m-Words#@dnk1993m#228.844#229.204	
670	выдумали	выдумать	VERB	_	Aspect=Perf|Mood=Ind|Number=Plur|Tense=Past|VerbForm=Fin|Voice=Act	_	_	_	@dnk1993m-Words#@dnk1993m#229.204#229.564	
671	и	и	CCONJ	_	_	_	_	_	@dnk1993m-Words#@dnk1993m#229.564#229.924	
672	допустим	допустить	VERB	_	Aspect=Perf|Mood=Ind|Number=Plur|Person=1|Tense=Fut|VerbForm=Fin|Voice=Act	_	_	_	@dnk1993m-Words#@dnk1993m#229.924#230.284	
673	если	если	SCONJ	_	_	_	_	_	@dnk1993m-Words#@dnk1993m#230.284#230.647	
674	а-а	а-	NOUN	_	Animacy=Inan|Case=Nom|Gender=Fem|Number=Sing	_	_	_	@dnk1993m-Words#@dnk1993m#231.002#231.398	
675	например	например	ADV	_	Degree=Pos	_	_	_	@dnk1993m-Words#@dnk1993m#231.398#231.794	
676	вот	вот	PART	_	_	_	_	_	@dnk1993m-Words#@dnk1993m#231.794#232.192	
677	[нрзб]	[нрзб]	PUNCT	_	_	_	_	_	@dnk1993m-Words#@dnk1993m#232.265#234.226	
678	кто-то	кто-то	PRON	_	Case=Nom	_	_	_	@dnk1993m-Words#@dnk1993m#234.259#234.574	
679	захочет	захотеть	VERB	_	Aspect=Perf|Mood=Ind|Number=Sing|Person=3|Tense=Fut|VerbForm=Fin|Voice=Act	_	_	_	@dnk1993m-Words#@dnk1993m#234.574#234.889	
680	сделать	делать	VERB	_	Aspect=Perf|VerbForm=Inf|Voice=Act	_	_	_	@dnk1993m-Words#@dnk1993m#234.889#235.204	
681	статью	статья	NOUN	_	Animacy=Inan|Case=Acc|Gender=Fem|Number=Sing	_	_	_	@dnk1993m-Words#@dnk1993m#235.204#235.519	
682	там	там	ADV	_	Degree=Pos	_	_	_	@dnk1993m-Words#@dnk1993m#235.519#235.834	
683	о	о	ADP	_	_	_	_	_	@dnk1993m-Words#@dnk1993m#235.834#236.153	
684	каком-нибудь	какой-нибудь	PRON	_	Case=Loc|Gender=Neut|Number=Sing	_	_	_	@dnk1993m-Words#@dnk1993m#236.922#237.292	
685	условном	условный	NOUN	_	Animacy=Inan|Case=Loc|Gender=Neut|Number=Sing	_	_	_	@dnk1993m-Words#@dnk1993m#237.292#237.662	
686	ну	на	PART	_	_	_	_	_	@dnk1993m-Words#@dnk1993m#237.931#238.177	
687	не	не	PART	_	_	_	_	_	@dnk1993m-Words#@dnk1993m#238.177#238.423	
688	знаю	знать	VERB	_	Aspect=Imp|Mood=Ind|Number=Sing|Person=1|Tense=Pres|VerbForm=Fin|Voice=Act	_	_	_	@dnk1993m-Words#@dnk1993m#238.423#238.669	
689	моторолле	моторолл	NOUN	_	Animacy=Anim|Case=Dat|Gender=Masc|Number=Sing	_	_	_	@dnk1993m-Words#@dnk1993m#238.669#238.915	
690	например	например	ADV	_	Degree=Pos	_	_	_	@dnk1993m-Words#@dnk1993m#238.915#239.162	
691	кто-то	кто-то	PRON	_	Case=Nom	_	_	_	@dnk1993m-Words#@dnk1993m#239.416#239.664	
692	скажет	сказать	VERB	_	Aspect=Perf|Mood=Ind|Number=Sing|Person=3|Tense=Fut|VerbForm=Fin|Voice=Act	_	_	_	@dnk1993m-Words#@dnk1993m#239.664#239.913	
693	А-а	А-	PROPN	_	Animacy=Anim|Case=Acc|Gender=Masc|Number=Sing	_	_	_	@dnk1993m-Words#@dnk1993m#239.951#240.152	
694	Моторолла	Моторолл	PROPN	_	Animacy=Anim|Case=Acc|Gender=Masc|Number=Sing	_	_	_	@dnk1993m-Words#@dnk1993m#240.152#240.353	
695	-	-	PUNCT	_	_	_	_	_	@dnk1993m-Words#@dnk1993m#240.353#240.554	
696	это	это	PRON	_	_	_	_	_	@dnk1993m-Words#@dnk1993m#240.554#240.755	
697	вот	вот	PART	_	_	_	_	_	@dnk1993m-Words#@dnk1993m#240.755#240.959	
698	где	где	ADV	_	Degree=Pos	_	_	_	@dnk1993m-Words#@dnk1993m#241.069#241.416	
699	моторолла	моторолть	NOUN	_	Animacy=Inan|Case=Gen|Gender=Masc|Number=Sing	_	_	_	@dnk1993m-Words#@dnk1993m#241.416#241.763	
700	и	и	CCONJ	_	_	_	_	_	@dnk1993m-Words#@dnk1993m#241.763#242.11	
701	где	где	ADV	_	Degree=Pos	_	_	_	@dnk1993m-Words#@dnk1993m#242.11#242.457	
702	допустим	допустить	VERB	_	Aspect=Perf|Mood=Ind|Number=Plur|Person=1|Tense=Fut|VerbForm=Fin|Voice=Act	_	_	_	@dnk1993m-Words#@dnk1993m#242.457#242.807	
703	наша	наш	PRON	_	Case=Nom|Gender=Fem|Number=Sing	_	_	_	@dnk1993m-Words#@dnk1993m#243.028#243.59	
704	вот	вот	PART	_	_	_	_	_	@dnk1993m-Words#@dnk1993m#243.59#244.152	
705	аудитория	аудитория	NOUN	_	Animacy=Inan|Case=Nom|Gender=Fem|Number=Sing	_	_	_	@dnk1993m-Words#@dnk1993m#244.199#244.68	
706	например	например	ADV	_	Degree=Pos	_	_	_	@dnk1993m-Words#@dnk1993m#244.68#245.161	
707	Ну	ну	PART	_	_	_	_	_	@dnk1993m-Words#@dnk1993m#245.259#245.546	
708	пропаганда	пропаганда	NOUN	_	Animacy=Inan|Case=Nom|Gender=Fem|Number=Sing	_	_	_	@dnk1993m-Words#@dnk1993m#245.546#245.833	
709	-	-	PUNCT	_	_	_	_	_	@dnk1993m-Words#@dnk1993m#245.833#246.12	
710	это	это	PRON	_	_	_	_	_	@dnk1993m-Words#@dnk1993m#246.12#246.407	
711	что	что	PRON	_	Case=Acc	_	_	_	@dnk1993m-Words#@dnk1993m#246.407#246.694	
712	например	например	ADV	_	Degree=Pos	_	_	_	@dnk1993m-Words#@dnk1993m#246.694#246.981	
713	Вот	вот	PART	_	_	_	_	_	@dnk1993m-Words#@dnk1993m#246.981#247.269	
714	а-а	а-	NOUN	_	Animacy=Inan|Case=Gen|Gender=Masc|Number=Sing	_	_	_	@dnk1993m-Words#@dnk1993m#247.425#247.834	
715	деньги	деньги	NOUN	_	Animacy=Inan|Case=Acc|Gender=Fem|Number=Plur	_	_	_	@dnk1993m-Words#@dnk1993m#247.834#248.243	
716	например	например	ADV	_	Degree=Pos	_	_	_	@dnk1993m-Words#@dnk1993m#248.243#248.652	
717	-	-	PUNCT	_	_	_	_	_	@dnk1993m-Words#@dnk1993m#248.652#249.061	
718	бумажка	бумажка	NOUN	_	Animacy=Inan|Case=Nom|Gender=Fem|Number=Sing	_	_	_	@dnk1993m-Words#@dnk1993m#249.061#249.471	
719	То	То	PROPN	_	_	_	_	_	@dnk1993m-Words#@dnk1993m#249.847#250.155	
720	есть	быть	AUX	_	Aspect=Imp|Mood=Ind|Number=Sing|Person=3|Tense=Pres|VerbForm=Fin|Voice=Act	_	_	_	@dnk1993m-Words#@dnk1993m#250.155#250.463	
721	нам	мы	PRON	_	Case=Dat|Number=Plur|Person=1	_	_	_	@dnk1993m-Words#@dnk1993m#250.463#250.771	
722	внушили	внушать	VERB	_	Aspect=Perf|Mood=Ind|Number=Plur|Tense=Past|VerbForm=Fin|Voice=Act	_	_	_	@dnk1993m-Words#@dnk1993m#250.771#251.079	
723	что	что	SCONJ	_	_	_	_	_	@dnk1993m-Words#@dnk1993m#251.079#251.387	
724	эта	этот	PRON	_	Case=Nom|Gender=Fem|Number=Sing	_	_	_	@dnk1993m-Words#@dnk1993m#251.387#251.695	
725	бумажка	бумажка	NOUN	_	Animacy=Inan|Case=Nom|Gender=Fem|Number=Sing	_	_	_	@dnk1993m-Words#@dnk1993m#251.695#252.003	
726	обладает	обладать	VERB	_	Aspect=Imp|Mood=Ind|Number=Sing|Person=3|Tense=Pres|VerbForm=Fin|Voice=Act	_	_	_	@dnk1993m-Words#@dnk1993m#252.003#252.311	
727	какой-то	какой-то	PRON	_	Case=Nom|Gender=Masc|Number=Sing	_	_	_	@dnk1993m-Words#@dnk1993m#252.311#252.619	
728	типа	типа	PART	_	_	_	_	_	@dnk1993m-Words#@dnk1993m#252.619#252.927	
729	ценностью	ценность	NOUN	_	Animacy=Inan|Case=Ins|Gender=Fem|Number=Sing	_	_	_	@dnk1993m-Words#@dnk1993m#252.927#253.241	
730	Вот	вот	PART	_	_	_	_	_	@dnk1993m-Words#@dnk1993m#253.27#253.491	
731	ты	ты	PRON	_	Case=Nom|Number=Sing|Person=2	_	_	_	@dnk1993m-Words#@dnk1993m#253.491#253.712	
732	ее	она	PRON	_	Case=Gen|Gender=Fem|Number=Sing|Person=3	_	_	_	@dnk1993m-Words#@dnk1993m#253.712#253.933	
733	тратишь	тратить	VERB	_	Aspect=Imp|Mood=Ind|Number=Sing|Person=2|Tense=Pres|VerbForm=Fin|Voice=Act	_	_	_	@dnk1993m-Words#@dnk1993m#253.933#254.154	
734	все	весь	PRON	_	Case=Acc|Gender=Neut|Number=Sing	_	_	_	@dnk1993m-Words#@dnk1993m#254.765#255.067	
735	круто	круто	NOUN	_	Animacy=Inan|Case=Acc|Gender=Neut|Number=Sing	_	_	_	@dnk1993m-Words#@dnk1993m#255.067#255.37	
736	Давай	давать	VERB	_	Aspect=Imp|Mood=Imp|Number=Sing|Person=2|VerbForm=Fin|Voice=Act	_	_	_	@dnk1993m-Words#@dnk1993m#255.908#256.158	
737	ну	ну	PART	_	_	_	_	_	@dnk1993m-Words#@dnk1993m#256.158#256.408	
738	как	как	ADV	_	Degree=Pos	_	_	_	@dnk1993m-Words#@dnk1993m#256.408#256.658	
739	бы	бы	PART	_	_	_	_	_	@dnk1993m-Words#@dnk1993m#256.658#256.908	
740	пропаганда	пропаганда	NOUN	_	Animacy=Inan|Case=Nom|Gender=Fem|Number=Sing	_	_	_	@dnk1993m-Words#@dnk1993m#256.908#257.158	
741	-	-	PUNCT	_	_	_	_	_	@dnk1993m-Words#@dnk1993m#257.158#257.408	
742	это	это	PRON	_	_	_	_	_	@dnk1993m-Words#@dnk1993m#257.408#257.663	
743	что	что	SCONJ	_	_	_	_	_	@dnk1993m-Words#@dnk1993m#258.004#258.511	
744	нужно-а-а	нужно-а-ый	NOUN	_	Animacy=Inan|Case=Nom|Gender=Fem|Number=Sing	_	_	_	@dnk1993m-Words#@dnk1993m#258.511#259.019	
745	не	не	PART	_	_	_	_	_	@dnk1993m-Words#@dnk1993m#259.04#259.226	
746	знаю	знать	VERB	_	Aspect=Imp|Mood=Ind|Number=Sing|Person=1|Tense=Pres|VerbForm=Fin|Voice=Act	_	_	_	@dnk1993m-Words#@dnk1993m#259.226#259.412	
747	вступать	вступать	VERB	_	Aspect=Imp|VerbForm=Inf|Voice=Act	_	_	_	@dnk1993m-Words#@dnk1993m#259.412#259.598	
748	в	в	ADP	_	_	_	_	_	@dnk1993m-Words#@dnk1993m#259.598#259.784	
749	брак	брак	NOUN	_	Animacy=Inan|Case=Acc|Gender=Masc|Number=Sing	_	_	_	@dnk1993m-Words#@dnk1993m#259.784#259.972	
750	регистрировать	регистрировать	VERB	_	Aspect=Imp|VerbForm=Inf|Voice=Act	_	_	_	@dnk1993m-Words#@dnk1993m#260.025#260.452	
751	брак	брак	NOUN	_	Animacy=Inan|Case=Acc|Gender=Masc|Number=Sing	_	_	_	@dnk1993m-Words#@dnk1993m#260.452#260.879	
752	допустим	допустить	VERB	_	Aspect=Perf|Mood=Ind|Number=Plur|Person=1|Tense=Fut|VerbForm=Fin|Voice=Act	_	_	_	@dnk1993m-Words#@dnk1993m#260.879#261.307	
753	и	и	CCONJ	_	_	_	_	_	@dnk1993m-Words#@dnk1993m#261.332#261.64	
754	рожать	рожать	VERB	_	Aspect=Imp|VerbForm=Inf|Voice=Act	_	_	_	@dnk1993m-Words#@dnk1993m#261.64#261.948	
755	детей	ребенок	NOUN	_	Animacy=Anim|Case=Acc|Gender=Masc|Number=Plur	_	_	_	@dnk1993m-Words#@dnk1993m#261.948#262.256	
756	например	например	ADV	_	Degree=Pos	_	_	_	@dnk1993m-Words#@dnk1993m#262.256#262.567	
757	Ну	ну	PART	_	_	_	_	_	@dnk1993m-Words#@dnk1993m#262.651#262.842	
758	[нрзб]	[нрзб]	PUNCT	_	_	_	_	_	@dnk1993m-Words#@dnk1993m#262.842#263.033	
759	-	-	PUNCT	_	_	_	_	_	@dnk1993m-Words#@dnk1993m#263.033#263.224	
760	это	это	PRON	_	_	_	_	_	@dnk1993m-Words#@dnk1993m#263.224#263.415	
761	ж	же	PART	_	_	_	_	_	@dnk1993m-Words#@dnk1993m#263.415#263.606	
762	тоже	тоже	PART	_	_	_	_	_	@dnk1993m-Words#@dnk1993m#263.606#263.797	
763	пропаганда	пропаганда	NOUN	_	Animacy=Inan|Case=Nom|Gender=Fem|Number=Sing	_	_	_	@dnk1993m-Words#@dnk1993m#263.797#263.99	
764	это	этот	PART	_	_	_	_	_	@dnk1993m-Words#@dnk1993m#264.564#265.0	
765	правда	правда	NOUN	_	Animacy=Inan|Case=Nom|Gender=Fem|Number=Sing	_	_	_	@dnk1993m-Words#@dnk1993m#265.0#265.436	
766	более	более	ADV	_	Degree=Cmp	_	_	_	@dnk1993m-Words#@dnk1993m#265.436#265.872	
767	древняя	древний	ADJ	_	Case=Nom|Degree=Pos|Gender=Fem|Number=Sing	_	_	_	@dnk1993m-Words#@dnk1993m#265.872#266.308	
768	пропаганда	пропаганда	NOUN	_	Animacy=Inan|Case=Nom|Gender=Fem|Number=Sing	_	_	_	@dnk1993m-Words#@dnk1993m#266.308#266.747	
769	Как	Как	ADV	_	Degree=Pos	_	_	_	@dnk1993m-Words#@dnk1993m#266.988#267.215	
770	бы	бы	PART	_	_	_	_	_	@dnk1993m-Words#@dnk1993m#267.215#267.442	
771	более	более	ADV	_	Degree=Cmp	_	_	_	@dnk1993m-Words#@dnk1993m#267.442#267.671	
772	ну	ну	PART	_	_	_	_	_	@dnk1993m-Words#@dnk1993m#268.275#268.538	
773	она	она	PRON	_	Case=Nom|Gender=Fem|Number=Sing|Person=3	_	_	_	@dnk1993m-Words#@dnk1993m#268.538#268.801	
774	еще	еще	ADV	_	Degree=Pos	_	_	_	@dnk1993m-Words#@dnk1993m#268.801#269.064	
775	и	и	PART	_	_	_	_	_	@dnk1993m-Words#@dnk1993m#269.064#269.327	
776	основана	основать	VERB	_	Aspect=Perf|Gender=Fem|Number=Sing|Tense=Past|Variant=Short|VerbForm=Part|Voice=Pass	_	_	_	@dnk1993m-Words#@dnk1993m#269.327#269.59	
777	на	на	ADP	_	_	_	_	_	@dnk1993m-Words#@dnk1993m#269.59#269.853	
778	инстинктах	инстинкт	NOUN	_	Animacy=Inan|Case=Loc|Gender=Masc|Number=Plur	_	_	_	@dnk1993m-Words#@dnk1993m#269.853#270.116	
779	скажем	сказать	VERB	_	Aspect=Perf|Mood=Ind|Number=Plur|Person=1|Tense=Fut|VerbForm=Fin|Voice=Act	_	_	_	@dnk1993m-Words#@dnk1993m#270.116#270.381	
780	ну	ну	PART	_	_	_	_	_	@dnk1993m-Words#@dnk1993m#270.669#270.826	
781	то	то	PRON	_	Animacy=Inan|Case=Nom|Gender=Neut|Number=Sing	_	_	_	@dnk1993m-Words#@dnk1993m#270.826#270.983	
782	есть	быть	VERB	_	Aspect=Imp|Mood=Ind|Number=Sing|Person=3|Tense=Pres|VerbForm=Fin|Voice=Act	_	_	_	@dnk1993m-Words#@dnk1993m#270.983#271.14	
783	вот	вот	PART	_	_	_	_	_	@dnk1993m-Words#@dnk1993m#271.437#271.619	
784	ну	ну	PART	_	_	_	_	_	@dnk1993m-Words#@dnk1993m#271.619#271.801	
785	а	а	CCONJ	_	_	_	_	_	@dnk1993m-Words#@dnk1993m#271.801#271.983	
786	можно	можно	ADV	_	Degree=Pos	_	_	_	@dnk1993m-Words#@dnk1993m#271.983#272.165	
787	же	же	PART	_	_	_	_	_	@dnk1993m-Words#@dnk1993m#272.165#272.347	
788	ведь	ведь	PART	_	_	_	_	_	@dnk1993m-Words#@dnk1993m#272.347#272.529	
789	внушить	внушить	VERB	_	Aspect=Perf|VerbForm=Inf|Voice=Act	_	_	_	@dnk1993m-Words#@dnk1993m#272.529#272.716	
790	давайте	давать	VERB	_	Aspect=Imp|Mood=Imp|Number=Plur|Person=2|VerbForm=Fin|Voice=Act	_	_	_	@dnk1993m-Words#@dnk1993m#272.744#272.964	
791	то	то	PRON	_	Animacy=Inan|Case=Nom|Gender=Neut|Number=Sing	_	_	_	@dnk1993m-Words#@dnk1993m#272.964#273.184	
792	есть	быть	VERB	_	Aspect=Imp|Mood=Ind|Number=Sing|Person=3|Tense=Pres|VerbForm=Fin|Voice=Act	_	_	_	@dnk1993m-Words#@dnk1993m#273.184#273.404	
793	просто	просто	PART	_	_	_	_	_	@dnk1993m-Words#@dnk1993m#273.404#273.624	
794	любите	любить	VERB	_	Aspect=Imp|Mood=Ind|Number=Plur|Person=2|Tense=Pres|VerbForm=Fin|Voice=Act	_	_	_	@dnk1993m-Words#@dnk1993m#273.624#273.844	
795	друг	друг	NOUN	_	Animacy=Anim|Case=Nom|Gender=Masc|Number=Sing	_	_	_	@dnk1993m-Words#@dnk1993m#273.844#274.064	
796	друга	друг	NOUN	_	Animacy=Anim|Case=Acc|Gender=Masc|Number=Sing	_	_	_	@dnk1993m-Words#@dnk1993m#274.064#274.284	
797	как	как	ADV	_	Degree=Pos	_	_	_	@dnk1993m-Words#@dnk1993m#274.284#274.504	
798	вы	вы	PRON	_	Case=Nom|Number=Plur|Person=2	_	_	_	@dnk1993m-Words#@dnk1993m#274.504#274.724	
799	хотите	хотеть	VERB	_	Aspect=Imp|Mood=Ind|Number=Plur|Person=2|Tense=Pres|VerbForm=Fin|Voice=Act	_	_	_	@dnk1993m-Words#@dnk1993m#274.724#274.944	
800	как	как	ADV	_	Degree=Pos	_	_	_	@dnk1993m-Words#@dnk1993m#274.944#275.164	
801	бы	бы	PART	_	_	_	_	_	@dnk1993m-Words#@dnk1993m#275.164#275.384	
802	и	и	PART	_	_	_	_	_	@dnk1993m-Words#@dnk1993m#275.549#275.752	
803	например	например	ADV	_	Degree=Pos	_	_	_	@dnk1993m-Words#@dnk1993m#275.752#275.955	
804	и	и	CCONJ	_	_	_	_	_	@dnk1993m-Words#@dnk1993m#275.955#276.158	
805	не	не	PART	_	_	_	_	_	@dnk1993m-Words#@dnk1993m#276.158#276.361	
806	вступайте	вступать	VERB	_	Aspect=Imp|Mood=Imp|Number=Plur|Person=2|VerbForm=Fin|Voice=Act	_	_	_	@dnk1993m-Words#@dnk1993m#276.361#276.564	
807	в	в	ADP	_	_	_	_	_	@dnk1993m-Words#@dnk1993m#276.564#276.767	
808	брак	брак	NOUN	_	Animacy=Inan|Case=Acc|Gender=Masc|Number=Sing	_	_	_	@dnk1993m-Words#@dnk1993m#276.767#276.972	
809	А	А	PROPN	_	Foreign=Yes	_	_	_	@dnk1993m-Words#@dnk1993m#277.139#277.448	
810	или	или	CCONJ	_	_	_	_	_	@dnk1993m-Words#@dnk1993m#277.448#277.757	
811	там	там	ADV	_	Degree=Pos	_	_	_	@dnk1993m-Words#@dnk1993m#277.757#278.066	
812	не	не	PART	_	_	_	_	_	@dnk1993m-Words#@dnk1993m#278.066#278.375	
813	воспитывайте	воспитывать	VERB	_	Aspect=Imp|Mood=Imp|Number=Plur|Person=2|VerbForm=Fin|Voice=Act	_	_	_	@dnk1993m-Words#@dnk1993m#278.375#278.684	
814	детей	ребенок	NOUN	_	Animacy=Anim|Case=Gen|Gender=Masc|Number=Plur	_	_	_	@dnk1993m-Words#@dnk1993m#278.684#278.995	
815	это	это	PRON	_	Animacy=Inan|Case=Acc|Gender=Neut|Number=Sing	_	_	_	@dnk1993m-Words#@dnk1993m#279.188#279.46	
816	можно	можно	ADV	_	Degree=Pos	_	_	_	@dnk1993m-Words#@dnk1993m#279.46#279.732	
817	внушить	внушить	VERB	_	Aspect=Perf|VerbForm=Inf|Voice=Act	_	_	_	@dnk1993m-Words#@dnk1993m#279.732#280.004	
818	очень	очень	ADV	_	Degree=Pos	_	_	_	@dnk1993m-Words#@dnk1993m#280.004#280.276	
819	легко	легкий	ADJ	_	Degree=Pos|Gender=Neut|Number=Sing|Variant=Short	_	_	_	@dnk1993m-Words#@dnk1993m#280.276#280.548	
820	и	и	CCONJ	_	_	_	_	_	@dnk1993m-Words#@dnk1993m#280.548#280.82	
821	просто	просто	PART	_	_	_	_	_	@dnk1993m-Words#@dnk1993m#280.82#281.092	
822	если	если	SCONJ	_	_	_	_	_	@dnk1993m-Words#@dnk1993m#281.092#281.365	
823	установить	установить	VERB	_	Aspect=Perf|VerbForm=Inf|Voice=Act	_	_	_	@dnk1993m-Words#@dnk1993m#281.48#281.956	
824	такую	такой	PRON	_	Case=Acc|Gender=Fem|Number=Sing	_	_	_	@dnk1993m-Words#@dnk1993m#281.956#282.432	
825	как	как	SCONJ	_	_	_	_	_	@dnk1993m-Words#@dnk1993m#282.826#283.138	
826	бы-ы	бы-ый	ADJ	_	Degree=Pos|Number=Plur|Variant=Short	_	_	_	@dnk1993m-Words#@dnk1993m#283.138#283.451	
827	систему	система	NOUN	_	Animacy=Inan|Case=Acc|Gender=Fem|Number=Sing	_	_	_	@dnk1993m-Words#@dnk1993m#283.604#284.267	
828	мне	я	PRON	_	Case=Dat|Number=Sing|Person=1	_	_	_	@dnk1993m-Words#@dnk1993m#284.74#285.009	
829	кажется	казаться	VERB	_	Aspect=Imp|Mood=Ind|Number=Sing|Person=3|Tense=Pres|VerbForm=Fin|Voice=Mid	_	_	_	@dnk1993m-Words#@dnk1993m#285.009#285.278	
830	взглядов	взгляд	NOUN	_	Animacy=Inan|Case=Gen|Gender=Masc|Number=Plur	_	_	_	@dnk1993m-Words#@dnk1993m#285.722#286.213	
831	Эт-	Эт-	PUNCT	_	_	_	_	_	@dnk1993m-Words#@dnk1993m#286.241#286.486	
832	это	это	PRON	_	Animacy=Inan|Case=Nom|Gender=Neut|Number=Sing	_	_	_	@dnk1993m-Words#@dnk1993m#286.486#286.731	
833	л-	л-	PUNCT	_	_	_	_	_	@dnk1993m-Words#@dnk1993m#286.731#286.976	
834	легко	легкий	ADJ	_	Degree=Pos|Gender=Neut|Number=Sing|Variant=Short	_	_	_	@dnk1993m-Words#@dnk1993m#286.976#287.221	
835	сделать	делать	VERB	_	Aspect=Perf|VerbForm=Inf|Voice=Act	_	_	_	@dnk1993m-Words#@dnk1993m#287.221#287.466	
836	я	я	PRON	_	Case=Nom|Number=Sing|Person=1	_	_	_	@dnk1993m-Words#@dnk1993m#287.466#287.711	
837	уверен	уверенный	ADJ	_	Degree=Pos|Gender=Masc|Number=Sing|Variant=Short	_	_	_	@dnk1993m-Words#@dnk1993m#287.711#287.961	
838	И	и	CCONJ	_	_	_	_	_	@dnk1993m-Words#@dnk1993m#287.971#288.269	
839	можно	можно	ADV	_	Degree=Pos	_	_	_	@dnk1993m-Words#@dnk1993m#288.269#288.567	
840	что	что	PRON	_	Case=Acc	_	_	_	@dnk1993m-Words#@dnk1993m#288.567#288.865	
841	угодно	угодно	ADV	_	Degree=Pos	_	_	_	@dnk1993m-Words#@dnk1993m#288.865#289.163	
842	Просто	просто	PART	_	_	_	_	_	@dnk1993m-Words#@dnk1993m#289.514#289.897	
843	какие-то	какой-то	PRON	_	Case=Nom|Number=Plur	_	_	_	@dnk1993m-Words#@dnk1993m#289.897#290.28	
844	вещи	вещь	NOUN	_	Animacy=Inan|Case=Nom|Gender=Fem|Number=Plur	_	_	_	@dnk1993m-Words#@dnk1993m#290.28#290.663	
845	ну	ну	PART	_	_	_	_	_	@dnk1993m-Words#@dnk1993m#290.826#291.074	
846	н-	н-	PUNCT	_	_	_	_	_	@dnk1993m-Words#@dnk1993m#291.074#291.322	
847	нуждаются	нуждаться	VERB	_	Aspect=Imp|Mood=Ind|Number=Plur|Person=3|Tense=Pres|VerbForm=Fin|Voice=Mid	_	_	_	@dnk1993m-Words#@dnk1993m#291.322#291.57	
848	в	в	ADP	_	_	_	_	_	@dnk1993m-Words#@dnk1993m#291.57#291.818	
849	пропаганде	пропаганда	NOUN	_	Animacy=Inan|Case=Loc|Gender=Fem|Number=Sing	_	_	_	@dnk1993m-Words#@dnk1993m#291.818#292.066	
850	потому	потому	ADV	_	Degree=Pos	_	_	_	@dnk1993m-Words#@dnk1993m#292.066#292.314	
851	что	что	SCONJ	_	_	_	_	_	@dnk1993m-Words#@dnk1993m#292.314#292.566	
852	потому	потому	ADV	_	Degree=Pos	_	_	_	@dnk1993m-Words#@dnk1993m#292.604#292.926	
853	что	что	SCONJ	_	_	_	_	_	@dnk1993m-Words#@dnk1993m#292.926#293.249	
854	скажем	сказать	VERB	_	Aspect=Perf|Mood=Ind|Number=Plur|Person=1|Tense=Fut|VerbForm=Fin|Voice=Act	_	_	_	@dnk1993m-Words#@dnk1993m#293.411#293.809	
855	целостность	целостность	NOUN	_	Animacy=Inan|Case=Nom|Gender=Fem|Number=Sing	_	_	_	@dnk1993m-Words#@dnk1993m#293.809#294.207	
856	государства	государство	NOUN	_	Animacy=Inan|Case=Gen|Gender=Neut|Number=Sing	_	_	_	@dnk1993m-Words#@dnk1993m#294.207#294.605	
857	например	например	ADV	_	Degree=Pos	_	_	_	@dnk1993m-Words#@dnk1993m#294.605#295.003	
858	нашего	наш	PRON	_	Case=Gen|Gender=Masc|Number=Sing	_	_	_	@dnk1993m-Words#@dnk1993m#295.003#295.403	
859	у	у	ADP	_	_	_	_	_	@dnk1993m-Words#@dnk1993m#295.7#295.973	
860	меня	я	PRON	_	Case=Gen|Number=Sing|Person=1	_	_	_	@dnk1993m-Words#@dnk1993m#295.973#296.246	
861	очень	очень	ADV	_	Degree=Pos	_	_	_	@dnk1993m-Words#@dnk1993m#296.246#296.519	
862	по	по	ADP	_	_	_	_	_	@dnk1993m-Words#@dnk1993m#296.519#296.792	
863	этому	этот	PRON	_	Case=Dat|Gender=Masc|Number=Sing	_	_	_	@dnk1993m-Words#@dnk1993m#296.792#297.067	
864	вопросу	вопрос	NOUN	_	Animacy=Inan|Case=Dat|Gender=Masc|Number=Sing	_	_	_	@dnk1993m-Words#@dnk1993m#297.689#298.102	
865	строгие	строгий	ADJ	_	Animacy=Inan|Case=Acc|Degree=Pos|Number=Plur	_	_	_	@dnk1993m-Words#@dnk1993m#298.102#298.515	
866	взгляды	взгляд	NOUN	_	Animacy=Inan|Case=Acc|Gender=Masc|Number=Plur	_	_	_	@dnk1993m-Words#@dnk1993m#298.515#298.93	
867	потому	потому	ADV	_	Degree=Pos	_	_	_	@dnk1993m-Words#@dnk1993m#298.955#299.212	
868	что	что	SCONJ	_	_	_	_	_	@dnk1993m-Words#@dnk1993m#299.212#299.469	
869	я	я	PRON	_	Case=Nom|Number=Sing|Person=1	_	_	_	@dnk1993m-Words#@dnk1993m#299.469#299.726	
870	родился	рождаться	VERB	_	Aspect=Perf|Gender=Masc|Mood=Ind|Number=Sing|Tense=Past|VerbForm=Fin|Voice=Mid	_	_	_	@dnk1993m-Words#@dnk1993m#299.726#299.984	
871	и	и	CCONJ	_	_	_	_	_	@dnk1993m-Words#@dnk1993m#300.281#300.494	
872	вырос	вырасти	VERB	_	Aspect=Perf|Gender=Masc|Mood=Ind|Number=Sing|Tense=Past|VerbForm=Fin|Voice=Act	_	_	_	@dnk1993m-Words#@dnk1993m#300.494#300.707	
873	как	как	ADV	_	Degree=Pos	_	_	_	@dnk1993m-Words#@dnk1993m#300.707#300.92	
874	бы	бы	PART	_	_	_	_	_	@dnk1993m-Words#@dnk1993m#300.92#301.134	
875	в	в	ADP	_	_	_	_	_	@dnk1993m-Words#@dnk1993m#301.68#302.019	
876	национальной	национальный	ADJ	_	Case=Loc|Degree=Pos|Gender=Fem|Number=Sing	_	_	_	@dnk1993m-Words#@dnk1993m#302.019#302.358	
877	республике	республика	NOUN	_	Animacy=Inan|Case=Loc|Gender=Fem|Number=Sing	_	_	_	@dnk1993m-Words#@dnk1993m#302.358#302.697	
878	в	в	ADP	_	_	_	_	_	@dnk1993m-Words#@dnk1993m#302.697#303.036	
879	восточной	восточный	ADJ	_	Case=Loc|Degree=Pos|Gender=Fem|Number=Sing	_	_	_	@dnk1993m-Words#@dnk1993m#303.036#303.375	
880	сибири	сибирь	PROPN	_	Animacy=Inan|Case=Loc|Gender=Fem|Number=Sing	_	_	_	@dnk1993m-Words#@dnk1993m#303.375#303.718	
881	и	и	CCONJ	_	_	_	_	_	@dnk1993m-Words#@dnk1993m#304.141#304.405	
882	когда	когда	SCONJ	_	_	_	_	_	@dnk1993m-Words#@dnk1993m#304.405#304.669	
883	люди	человек	NOUN	_	Animacy=Anim|Case=Nom|Gender=Masc|Number=Plur	_	_	_	@dnk1993m-Words#@dnk1993m#304.669#304.933	
884	говорят	говорить	VERB	_	Aspect=Imp|Mood=Ind|Number=Plur|Person=3|Tense=Pres|VerbForm=Fin|Voice=Act	_	_	_	@dnk1993m-Words#@dnk1993m#304.933#305.197	
885	на	на	ADP	_	_	_	_	_	@dnk1993m-Words#@dnk1993m#305.197#305.461	
886	полном	полный	ADJ	_	Case=Loc|Degree=Pos|Gender=Masc|Number=Sing	_	_	_	@dnk1993m-Words#@dnk1993m#305.461#305.725	
887	серьезе	серьез	NOUN	_	Animacy=Inan|Case=Loc|Gender=Masc|Number=Sing	_	_	_	@dnk1993m-Words#@dnk1993m#305.725#305.989	
888	что	что	SCONJ	_	_	_	_	_	@dnk1993m-Words#@dnk1993m#305.989#306.253	
889	давайте	давать	VERB	_	Aspect=Imp|Mood=Imp|Number=Plur|Person=2|VerbForm=Fin|Voice=Act	_	_	_	@dnk1993m-Words#@dnk1993m#306.253#306.517	
890	там	там	ADV	_	Degree=Pos	_	_	_	@dnk1993m-Words#@dnk1993m#306.517#306.785	
891	рас-	рас-	PUNCT	_	_	_	_	_	@dnk1993m-Words#@dnk1993m#306.833#307.229	
892	раздр-	раздр-	PUNCT	_	_	_	_	_	@dnk1993m-Words#@dnk1993m#307.229#307.625	
893	раздробим	раздробить	VERB	_	Aspect=Imp|Mood=Ind|Number=Plur|Person=1|Tense=Pres|VerbForm=Fin|Voice=Act	_	_	_	@dnk1993m-Words#@dnk1993m#307.625#308.021	
894	или	или	CCONJ	_	_	_	_	_	@dnk1993m-Words#@dnk1993m#308.021#308.417	
895	разделим	разделить	VERB	_	Aspect=Imp|Mood=Ind|Number=Plur|Person=1|Tense=Pres|VerbForm=Fin|Voice=Act	_	_	_	@dnk1993m-Words#@dnk1993m#308.417#308.814	
896	у	у	ADP	_	_	_	_	_	@dnk1993m-Words#@dnk1993m#309.241#309.486	
897	меня	я	PRON	_	Case=Gen|Number=Sing|Person=1	_	_	_	@dnk1993m-Words#@dnk1993m#309.486#309.731	
898	это	это	PRON	_	Animacy=Inan|Case=Nom|Gender=Neut|Number=Sing	_	_	_	@dnk1993m-Words#@dnk1993m#309.731#309.976	
899	вызывает	вызывать	VERB	_	Aspect=Imp|Mood=Ind|Number=Sing|Person=3|Tense=Pres|VerbForm=Fin|Voice=Act	_	_	_	@dnk1993m-Words#@dnk1993m#309.976#310.221	
900	просто	просто	PART	_	_	_	_	_	@dnk1993m-Words#@dnk1993m#310.221#310.466	
901	ну	ну	PART	_	_	_	_	_	@dnk1993m-Words#@dnk1993m#310.466#310.711	
902	чувство	чувство	NOUN	_	Animacy=Inan|Case=Nom|Gender=Neut|Number=Sing	_	_	_	@dnk1993m-Words#@dnk1993m#310.711#310.956	
903	как	как	ADV	_	Degree=Pos	_	_	_	@dnk1993m-Words#@dnk1993m#310.956#311.201	
904	бы	бы	PART	_	_	_	_	_	@dnk1993m-Words#@dnk1993m#311.201#311.452	
905	я	я	PRON	_	Case=Nom|Number=Sing|Person=1	_	_	_	@dnk1993m-Words#@dnk1993m#311.485#311.747	
906	хочу	хотеть	VERB	_	Aspect=Imp|Mood=Ind|Number=Sing|Person=1|Tense=Pres|VerbForm=Fin|Voice=Act	_	_	_	@dnk1993m-Words#@dnk1993m#311.747#312.009	
907	просто	просто	PART	_	_	_	_	_	@dnk1993m-Words#@dnk1993m#312.009#312.271	
908	взять	брать	VERB	_	Aspect=Perf|VerbForm=Inf|Voice=Act	_	_	_	@dnk1993m-Words#@dnk1993m#312.271#312.533	
909	что-нибудь	что-нибудь	PRON	_	Case=Acc	_	_	_	@dnk1993m-Words#@dnk1993m#312.533#312.795	
910	и	и	CCONJ	_	_	_	_	_	@dnk1993m-Words#@dnk1993m#312.795#313.057	
911	ударить	ударить	VERB	_	Aspect=Perf|VerbForm=Inf|Voice=Act	_	_	_	@dnk1993m-Words#@dnk1993m#313.057#313.319	
912	человека	человек	NOUN	_	Animacy=Anim|Case=Acc|Gender=Masc|Number=Sing	_	_	_	@dnk1993m-Words#@dnk1993m#313.319#313.581	
913	убить	убить	VERB	_	Aspect=Perf|VerbForm=Inf|Voice=Act	_	_	_	@dnk1993m-Words#@dnk1993m#313.614#313.84	
914	его	он	PRON	_	Case=Acc|Gender=Masc|Number=Sing|Person=3	_	_	_	@dnk1993m-Words#@dnk1993m#313.84#314.066	
915	как	как	ADV	_	Degree=Pos	_	_	_	@dnk1993m-Words#@dnk1993m#314.066#314.292	
916	бы	бы	AUX	_	_	_	_	_	@dnk1993m-Words#@dnk1993m#314.292#314.518	
917	отправить	отправить	VERB	_	Aspect=Perf|VerbForm=Inf|Voice=Act	_	_	_	@dnk1993m-Words#@dnk1993m#314.869#315.155	
918	куда-то	куда-то	ADV	_	Degree=Pos	_	_	_	@dnk1993m-Words#@dnk1993m#315.155#315.441	
919	чтоб	чтобы	SCONJ	_	Mood=Cnd	_	_	_	@dnk1993m-Words#@dnk1993m#315.441#315.727	
920	его	он	PRON	_	Case=Acc|Gender=Masc|Number=Sing|Person=3	_	_	_	@dnk1993m-Words#@dnk1993m#315.727#316.013	
921	не	не	PART	_	_	_	_	_	@dnk1993m-Words#@dnk1993m#316.013#316.299	
922	было	быть	VERB	_	Aspect=Imp|Gender=Neut|Mood=Ind|Number=Sing|Tense=Past|VerbForm=Fin|Voice=Act	_	_	_	@dnk1993m-Words#@dnk1993m#316.299#316.585	
923	просто	просто	PART	_	_	_	_	_	@dnk1993m-Words#@dnk1993m#316.585#316.874	
924	на	на	ADP	_	_	_	_	_	@dnk1993m-Words#@dnk1993m#317.373#317.632	
925	Луну	Луна	PROPN	_	Animacy=Inan|Case=Acc|Gender=Fem|Number=Sing	_	_	_	@dnk1993m-Words#@dnk1993m#317.632#317.891	
926	может	мочь	VERB	_	Aspect=Imp|Mood=Ind|Number=Sing|Person=3|Tense=Pres|VerbForm=Fin|Voice=Act	_	_	_	@dnk1993m-Words#@dnk1993m#317.891#318.15	
927	быть	быть	AUX	_	Aspect=Imp|VerbForm=Inf|Voice=Act	_	_	_	@dnk1993m-Words#@dnk1993m#318.15#318.411	
928	потому	потому	ADV	_	Degree=Pos	_	_	_	@dnk1993m-Words#@dnk1993m#318.848#319.063	
929	что	что	SCONJ	_	_	_	_	_	@dnk1993m-Words#@dnk1993m#319.063#319.278	
930	это	это	PRON	_	Animacy=Inan|Case=Nom|Gender=Neut|Number=Sing	_	_	_	@dnk1993m-Words#@dnk1993m#319.278#319.493	
931	ну	ну	PART	_	_	_	_	_	@dnk1993m-Words#@dnk1993m#319.493#319.708	
932	это	это	PRON	_	Animacy=Inan|Case=Nom|Gender=Neut|Number=Sing	_	_	_	@dnk1993m-Words#@dnk1993m#319.708#319.923	
933	как	как	ADV	_	Degree=Pos	_	_	_	@dnk1993m-Words#@dnk1993m#319.923#320.138	
934	бы	бы	PART	_	_	_	_	_	@dnk1993m-Words#@dnk1993m#320.138#320.353	
935	это	этот	PRON	_	Animacy=Inan|Case=Nom|Gender=Neut|Number=Sing	_	_	_	@dnk1993m-Words#@dnk1993m#320.353#320.568	
936	кровь	кровь	NOUN	_	Animacy=Inan|Case=Nom|Gender=Fem|Number=Sing	_	_	_	@dnk1993m-Words#@dnk1993m#320.568#320.783	
937	как	как	ADV	_	Degree=Pos	_	_	_	@dnk1993m-Words#@dnk1993m#320.783#320.998	
938	бы	бы	PART	_	_	_	_	_	@dnk1993m-Words#@dnk1993m#320.998#321.213	
939	человек	человек	NOUN	_	Animacy=Anim|Case=Nom|Gender=Masc|Number=Sing	_	_	_	@dnk1993m-Words#@dnk1993m#321.213#321.428	
940	просто	просто	PART	_	_	_	_	_	@dnk1993m-Words#@dnk1993m#321.428#321.643	
941	кровью	кровь	NOUN	_	Animacy=Inan|Case=Ins|Gender=Fem|Number=Sing	_	_	_	@dnk1993m-Words#@dnk1993m#321.643#321.868	
942	кро-	кро-	PUNCT	_	_	_	_	_	@dnk1993m-Words#@dnk1993m#322.074#322.316	
943	кровь-	кровь-	PUNCT	_	_	_	_	_	@dnk1993m-Words#@dnk1993m#322.316#322.558	
944	кровью	кровь	NOUN	_	Animacy=Inan|Case=Ins|Gender=Fem|Number=Sing	_	_	_	@dnk1993m-Words#@dnk1993m#322.558#322.8	
945	харкает	харкать	VERB	_	Aspect=Imp|Mood=Ind|Number=Sing|Person=3|Tense=Pres|VerbForm=Fin|Voice=Act	_	_	_	@dnk1993m-Words#@dnk1993m#322.8#323.042	
946	как	как	ADV	_	Degree=Pos	_	_	_	@dnk1993m-Words#@dnk1993m#323.042#323.284	
947	бы	бы	PART	_	_	_	_	_	@dnk1993m-Words#@dnk1993m#323.284#323.526	
948	публично	публично	ADV	_	Degree=Pos	_	_	_	@dnk1993m-Words#@dnk1993m#324.124#324.511	
949	на	на	ADP	_	_	_	_	_	@dnk1993m-Words#@dnk1993m#324.511#324.898	
950	людей	человек	NOUN	_	Animacy=Anim|Case=Acc|Gender=Masc|Number=Plur	_	_	_	@dnk1993m-Words#@dnk1993m#324.898#325.285
